أهم الصفحات,النقرات,عدد الظهور,نسبة النقر إلى الظهور,موضع
https://thetaxcalc.com/compare/california-vs-new-york,4,373,1.07%,12.6
https://thetaxcalc.com/bonus-tax-calculator,3,946,0.32%,61.5
https://thetaxcalc.com/new-york-tax-calculator,3,926,0.32%,45.41
https://thetaxcalc.com/compare/illinois-vs-california,3,338,0.89%,8.63
https://thetaxcalc.com/widgets,3,89,3.37%,16.06
https://thetaxcalc.com/sales-tax-calculator,2,3024,0.07%,50.5
https://thetaxcalc.com/illinois-tax-calculator,2,1170,0.17%,26.5
https://thetaxcalc.com/,2,1012,0.2%,76.95
https://thetaxcalc.com/florida-tax-calculator,2,757,0.26%,48.08
https://thetaxcalc.com/minnesota-tax-calculator,2,158,1.27%,42.12
https://thetaxcalc.com/salary/70000,2,47,4.26%,42.45
https://thetaxcalc.com/salary/500000,2,26,7.69%,13.65
https://thetaxcalc.com/lottery-tax-calculator,1,1229,0.08%,52.77
https://thetaxcalc.com/georgia-tax-calculator,1,926,0.11%,20.42
https://thetaxcalc.com/irs-withholding-calculator,1,922,0.11%,60.84
https://thetaxcalc.com/compare,1,750,0.13%,57.26
https://thetaxcalc.com/california-tax-calculator,1,590,0.17%,56.47
https://thetaxcalc.com/compare/illinois-vs-florida,1,344,0.29%,7.78
https://thetaxcalc.com/new-jersey-tax-calculator,1,315,0.32%,50.82
https://thetaxcalc.com/compare/illinois-vs-texas,1,161,0.62%,9.7
https://thetaxcalc.com/salary/400000-after-taxes,1,143,0.7%,9.23
https://thetaxcalc.com/sales-tax-calculator/connecticut,1,60,1.67%,9.4
https://thetaxcalc.com/sales-tax-calculator/colorado,1,59,1.69%,10.66
https://thetaxcalc.com/blog/why-texas-has-no-income-tax,1,50,2%,64.2
https://thetaxcalc.com/salary/40000-after-taxes,1,33,3.03%,22.79
https://thetaxcalc.com/mortgage-calculator,1,25,4%,31.36
https://thetaxcalc.com/blog/retirement-tax-planning-guide-2026,1,25,4%,39.28
https://thetaxcalc.com/blog/how-much-tax-will-i-owe-2026,1,23,4.35%,85.65
https://thetaxcalc.com/blog/federal-tax-brackets-2026-guide,1,16,6.25%,77.19
https://thetaxcalc.com/salary/95000,1,9,11.11%,9.11
https://thetaxcalc.com/job-offer-comparison-calculator,1,9,11.11%,48.44
https://thetaxcalc.com/federal-tax-brackets,0,1418,0%,75.22
https://thetaxcalc.com/texas-tax-calculator,0,1135,0%,44.95
https://thetaxcalc.com/tax-refund-calculator,0,629,0%,78.33
https://thetaxcalc.com/self-employment-tax-calculator,0,562,0%,79.89
https://thetaxcalc.com/sales-tax-calculator/utah,0,478,0%,10.98
https://thetaxcalc.com/paycheck-calculator,0,356,0%,70.82
https://thetaxcalc.com/sales-tax-calculator/virginia,0,355,0%,10.16
https://thetaxcalc.com/salary/70000-after-taxes,0,325,0%,9.63
https://thetaxcalc.com/michigan-tax-calculator,0,283,0%,64.88
https://thetaxcalc.com/salary/95000-after-taxes,0,274,0%,5.7
https://thetaxcalc.com/sales-tax-calculator/minnesota,0,272,0%,10.07
https://thetaxcalc.com/sales-tax-calculator/washington,0,271,0%,10.46
https://thetaxcalc.com/salary,0,265,0%,38.58
https://thetaxcalc.com/blog/california-tax-guide-2026,0,265,0%,66.75
https://thetaxcalc.com/sales-tax-calculator/westvirginia,0,264,0%,9.16
https://thetaxcalc.com/sales-tax-calculator/northcarolina,0,259,0%,9.81
https://thetaxcalc.com/sales-tax-calculator/pennsylvania,0,251,0%,9.97
https://thetaxcalc.com/wisconsin-tax-calculator,0,250,0%,43.23
https://thetaxcalc.com/maryland-tax-calculator,0,240,0%,50.25
https://thetaxcalc.com/sales-tax-calculator/kansas,0,235,0%,10.03
https://thetaxcalc.com/blog/doordash-taxes-guide-2026,0,228,0%,16.23
https://thetaxcalc.com/virginia-tax-calculator,0,227,0%,39.73
https://thetaxcalc.com/arizona-tax-calculator,0,225,0%,61.61
https://thetaxcalc.com/massachusetts-tax-calculator,0,217,0%,44.03
https://thetaxcalc.com/salary/140000-after-taxes,0,214,0%,3.94
https://thetaxcalc.com/sales-tax-calculator/nevada,0,207,0%,9.88
https://thetaxcalc.com/sales-tax-calculator/newyork,0,207,0%,11.29
https://thetaxcalc.com/blog/2026-federal-tax-brackets-explained,0,205,0%,88.3
https://thetaxcalc.com/sales-tax-calculator/georgia,0,204,0%,10.37
https://thetaxcalc.com/indiana-tax-calculator,0,204,0%,33.22
https://thetaxcalc.com/salary/80000-after-taxes,0,199,0%,14.32
https://thetaxcalc.com/relocation-calculator,0,197,0%,44.38
https://thetaxcalc.com/colorado-tax-calculator,0,187,0%,48
https://thetaxcalc.com/salary/80000,0,185,0%,12.68
https://thetaxcalc.com/compare/texas-vs-california,0,176,0%,37.83
https://thetaxcalc.com/sales-tax-calculator/maine,0,174,0%,9.3
https://thetaxcalc.com/north-carolina-tax-calculator,0,173,0%,47.36
https://thetaxcalc.com/property-tax-calculator,0,173,0%,73.06
https://thetaxcalc.com/ohio-tax-calculator,0,171,0%,48.04
https://thetaxcalc.com/sales-tax-calculator/idaho,0,168,0%,9.68
https://thetaxcalc.com/compare/illinois-vs-new-york,0,168,0%,11.36
https://thetaxcalc.com/capital-gains-calculator,0,166,0%,34.69
https://thetaxcalc.com/pennsylvania-tax-calculator,0,166,0%,50.91
https://thetaxcalc.com/sales-tax-calculator/southcarolina,0,164,0%,9.69
https://thetaxcalc.com/sales-tax-calculator/newjersey,0,163,0%,10.37
https://thetaxcalc.com/sales-tax-calculator/wisconsin,0,156,0%,10.47
https://thetaxcalc.com/salary/85000,0,153,0%,12.97
https://thetaxcalc.com/salary/55000-after-taxes,0,148,0%,7.24
https://thetaxcalc.com/blog/lottery-tax-guide-2026,0,142,0%,38.64
https://thetaxcalc.com/sales-tax-calculator/texas,0,134,0%,49.93
https://thetaxcalc.com/tennessee-tax-calculator,0,133,0%,69.02
https://thetaxcalc.com/missouri-tax-calculator,0,130,0%,45.18
https://thetaxcalc.com/salary/500000-after-taxes,0,129,0%,9.53
https://thetaxcalc.com/glossary,0,126,0%,57.78
https://thetaxcalc.com/sales-tax-calculator/illinois,0,125,0%,9.71
https://thetaxcalc.com/compare/florida-vs-new-york,0,124,0%,19.42
https://thetaxcalc.com/sales-tax-calculator/hawaii,0,121,0%,9.89
https://thetaxcalc.com/sales-tax-calculator/california,0,121,0%,10.84
https://thetaxcalc.com/washington-tax-calculator,0,117,0%,57.13
https://thetaxcalc.com/sales-tax-calculator/nebraska,0,110,0%,10.23
https://thetaxcalc.com/sales-tax-calculator/tennessee,0,110,0%,10.27
https://thetaxcalc.com/oregon-tax-calculator,0,106,0%,58.7
https://thetaxcalc.com/salary/85000-after-taxes,0,101,0%,17.54
https://thetaxcalc.com/salary/130000-after-taxes,0,99,0%,19.44
https://thetaxcalc.com/sales-tax-calculator/alabama,0,98,0%,10.28
https://thetaxcalc.com/blog/how-bonuses-are-taxed-2026,0,97,0%,46.97
https://thetaxcalc.com/sales-tax-calculator/oklahoma,0,94,0%,10.39
https://thetaxcalc.com/salary/130000,0,93,0%,12.68
https://thetaxcalc.com/compare/texas-vs-florida,0,88,0%,32.58
https://thetaxcalc.com/blog/texas-tax-guide-2026,0,86,0%,55.42
https://thetaxcalc.com/sales-tax-calculator/vermont,0,84,0%,9.6
https://thetaxcalc.com/sales-tax-calculator/arizona,0,84,0%,10.14
https://thetaxcalc.com/sales-tax-calculator/kentucky,0,81,0%,9.91
https://thetaxcalc.com/sales-tax-calculator/massachusetts,0,81,0%,10.14
https://thetaxcalc.com/salary/75000-after-taxes,0,78,0%,46.53
https://thetaxcalc.com/salary/65000,0,77,0%,36.95
https://thetaxcalc.com/overtime-tax-calculator,0,76,0%,70.59
https://thetaxcalc.com/compare/texas-vs-new-york,0,74,0%,15.99
https://thetaxcalc.com/kansas-tax-calculator,0,70,0%,64.31
https://thetaxcalc.com/blog/sales-tax-by-state-guide-2026,0,70,0%,69.33
https://thetaxcalc.com/sales-tax-calculator/newmexico,0,68,0%,9.62
https://thetaxcalc.com/about,0,67,0%,13.25
https://thetaxcalc.com/salary/50000-after-taxes,0,66,0%,42.39
https://thetaxcalc.com/resources,0,62,0%,67.56
https://thetaxcalc.com/salary/250000-after-taxes,0,61,0%,8.43
https://thetaxcalc.com/salary/90000-after-taxes,0,61,0%,24.79
https://thetaxcalc.com/salary/60000-after-taxes,0,60,0%,45.82
https://thetaxcalc.com/salary/75000,0,60,0%,48.5
https://thetaxcalc.com/blog/sep-ira-solo-401k-guide-2026,0,59,0%,69.22
https://thetaxcalc.com/compare/florida-vs-california,0,58,0%,43.97
https://thetaxcalc.com/salary/35000,0,56,0%,24.8
https://thetaxcalc.com/salary/120000-after-taxes,0,55,0%,32.58
https://thetaxcalc.com/sales-tax-calculator/ohio,0,54,0%,10.35
https://thetaxcalc.com/salary/300000-after-taxes,0,54,0%,13.07
https://thetaxcalc.com/salary/45000,0,54,0%,29.94
https://thetaxcalc.com/salary/300000,0,48,0%,19.58
https://thetaxcalc.com/blog/how-fica-taxes-work-2026,0,48,0%,83.02
https://thetaxcalc.com/privacy,0,46,0%,2.96
https://thetaxcalc.com/sales-tax-calculator/michigan,0,44,0%,19.02
https://thetaxcalc.com/salary/30000-after-taxes,0,44,0%,27.14
https://thetaxcalc.com/salary/45000-after-taxes,0,44,0%,27.66
https://thetaxcalc.com/blog/no-tax-on-overtime-guide-2026,0,44,0%,75.34
https://thetaxcalc.com/salary/150000-after-taxes,0,42,0%,38
https://thetaxcalc.com/blog/401k-withdrawal-tax-guide-2026,0,40,0%,77.47
https://thetaxcalc.com/blog/new-york-tax-guide-2026,0,38,0%,45.26
https://thetaxcalc.com/sales-tax-calculator/florida,0,37,0%,10.41
https://thetaxcalc.com/blog/illinois-income-tax-guide-2026,0,37,0%,68.54
https://thetaxcalc.com/blog,0,36,0%,7.64
https://thetaxcalc.com/sales-tax-calculator/southdakota,0,36,0%,9.69
https://thetaxcalc.com/sales-tax-calculator/iowa,0,36,0%,10.36
https://thetaxcalc.com/salary/175000-after-taxes,0,36,0%,20.22
https://thetaxcalc.com/salary/150000,0,36,0%,40.5
https://thetaxcalc.com/salary/175000,0,35,0%,9.69
https://thetaxcalc.com/salary/50000,0,32,0%,26.03
https://thetaxcalc.com/terms,0,31,0%,7.13
https://thetaxcalc.com/sales-tax-calculator/louisiana,0,30,0%,10.57
https://thetaxcalc.com/sales-tax-calculator/newhampshire,0,29,0%,8.86
https://thetaxcalc.com/methodology,0,28,0%,8.61
https://thetaxcalc.com/blog/irs-withholding-w4-guide-2026,0,28,0%,40.04
https://thetaxcalc.com/401k-retirement-calculator,0,26,0%,20.62
https://thetaxcalc.com/salary/200000-after-taxes,0,25,0%,24.2
https://thetaxcalc.com/salary/100000-after-taxes,0,25,0%,54.6
https://thetaxcalc.com/sales-tax-calculator/missouri,0,24,0%,10.21
https://thetaxcalc.com/tax-data,0,22,0%,66.73
https://thetaxcalc.com/salary/90000,0,21,0%,34.33
https://thetaxcalc.com/blog/inheritance-tax-guide-2026,0,21,0%,34.43
https://thetaxcalc.com/paycheck-difference-calculator,0,19,0%,33.89
https://thetaxcalc.com/sales-tax-calculator/indiana,0,19,0%,68.74
https://thetaxcalc.com/sales-tax-calculator/arkansas,0,17,0%,10.12
https://thetaxcalc.com/blog/property-tax-by-state-guide-2026,0,17,0%,38.76
https://thetaxcalc.com/salary/110000,0,16,0%,41.69
https://thetaxcalc.com/sales-tax-calculator/northdakota,0,15,0%,9.47
https://thetaxcalc.com/sales-tax-calculator/maryland,0,15,0%,10.53
https://thetaxcalc.com/blog/florida-vs-texas-tax-comparison,0,14,0%,51.14
https://thetaxcalc.com/salary/30000,0,14,0%,51.5
https://thetaxcalc.com/salary/200000,0,13,0%,43.92
https://thetaxcalc.com/salary/100000,0,13,0%,52.54
https://thetaxcalc.com/blog/1099-tax-guide-self-employed-2026,0,13,0%,64.85
https://thetaxcalc.com/salary-comparison-calculator,0,12,0%,28.5
https://thetaxcalc.com/salary/250000,0,12,0%,28.67
https://thetaxcalc.com/blog/inheritance-tax-questions-2026,0,12,0%,35.25
https://thetaxcalc.com/chicago-tax-calculator,0,12,0%,39.58
https://thetaxcalc.com/sales-tax-calculator/mississippi,0,11,0%,8.73
https://thetaxcalc.com/opengraph-image.png,0,10,0%,5.5
https://thetaxcalc.com/oklahoma-tax-calculator,0,10,0%,78.5
https://thetaxcalc.com/research/2026-state-tax-burden,0,9,0%,6
https://thetaxcalc.com/sales-tax-calculator/delaware,0,9,0%,9.67
https://thetaxcalc.com/salary/400000,0,9,0%,16.22
https://thetaxcalc.com/sales-tax-calculator/montana,0,9,0%,38.11
https://thetaxcalc.com/new-mexico-tax-calculator,0,9,0%,51.11
https://thetaxcalc.com/blog/tax-questions-answered-2026,0,9,0%,51.33
https://thetaxcalc.com/arkansas-tax-calculator,0,9,0%,58.33
https://thetaxcalc.com/utah-tax-calculator,0,8,0%,16.75
https://thetaxcalc.com/iowa-tax-calculator,0,8,0%,31.38
https://thetaxcalc.com/sales-tax-calculator/rhodeisland,0,8,0%,40.12
https://thetaxcalc.com/salary/60000,0,8,0%,42.38
https://thetaxcalc.com/salary/40000,0,8,0%,63.12
https://thetaxcalc.com/kentucky-tax-calculator,0,7,0%,70.43
https://thetaxcalc.com/salary/140000,0,6,0%,6.67
https://thetaxcalc.com/sales-tax-calculator/oregon,0,6,0%,8.67
https://thetaxcalc.com/freefile-irs,0,6,0%,44.83
https://thetaxcalc.com/salary/120000,0,6,0%,55
https://thetaxcalc.com/research/salary-needed-to-live-comfortably-2026,0,5,0%,7
https://thetaxcalc.com/home-sale-tax-calculator,0,5,0%,8.6
https://thetaxcalc.com/blog/tax-refund-questions-2026,0,5,0%,41
https://thetaxcalc.com/west-virginia-tax-calculator,0,5,0%,70.8
https://thetaxcalc.com/sales-tax-calculator/alaska,0,4,0%,8.75
https://thetaxcalc.com/obbba-tax-calculator,0,4,0%,10.75
https://thetaxcalc.com/sales-tax-calculator/wyoming,0,4,0%,10.75
https://thetaxcalc.com/idaho-tax-calculator,0,4,0%,40.75
https://thetaxcalc.com/rhode-island-tax-calculator,0,4,0%,45.25
https://thetaxcalc.com/delaware-tax-calculator,0,4,0%,72.75
https://thetaxcalc.com/blog/401k-withdrawal-tax-questions-2026,0,4,0%,84
https://thetaxcalc.com/blog/social-security-tax-questions-2026,0,3,0%,4.67
https://thetaxcalc.com/nebraska-tax-calculator,0,3,0%,50.33
https://thetaxcalc.com/montana-tax-calculator,0,3,0%,80.67
https://thetaxcalc.com/salary/110000-after-taxes,0,2,0%,4
https://thetaxcalc.com/salary/65000-after-taxes,0,2,0%,8.5
https://thetaxcalc.com/connecticut-tax-calculator,0,2,0%,10.5
https://thetaxcalc.com/south-carolina-tax-calculator,0,2,0%,11
https://thetaxcalc.com/vermont-tax-calculator,0,2,0%,36
https://thetaxcalc.com/alabama-tax-calculator,0,2,0%,51.5
https://thetaxcalc.com/louisiana-tax-calculator,0,2,0%,53
https://thetaxcalc.com/north-dakota-tax-calculator,0,2,0%,65
https://thetaxcalc.com/south-dakota-tax-calculator,0,2,0%,68.5
https://thetaxcalc.com/mississippi-tax-calculator,0,2,0%,79
https://thetaxcalc.com/maine-tax-calculator,0,1,0%,3
https://thetaxcalc.com/hawaii-tax-calculator,0,1,0%,6
https://thetaxcalc.com/research/property-tax-by-state-2026,0,1,0%,6
https://thetaxcalc.com/wyoming-tax-calculator,0,1,0%,7
https://thetaxcalc.com/blog/washington-tax-guide-2026,0,1,0%,8
https://thetaxcalc.com/salary/55000,0,1,0%,10
https://thetaxcalc.com/alaska-tax-calculator,0,1,0%,70
https://thetaxcalc.com/nevada-tax-calculator,0,1,0%,73
https://thetaxcalc.com/new-york-city-tax-calculator,0,1,0%,79