text,level
"Why Texas Has No Income Tax","H1"
"Why Texas Has No Income Tax","H1"
"The Short Answer","H2"
"How Texas Funds Its Government","H2"
"1. Sales Tax (Primary Source)","H3"
"2. Property Tax","H3"
"3. Other Revenue Sources","H3"
"The Trade-Off: Property Taxes","H2"
"Who Pays More Overall?","H3"
"The Economic Argument","H2"
"Texas vs. States With Income Tax","H2"
"Recent Property Tax Relief","H2"
"Bottom Line","H2"
"Try Our Tax Calculators","H2"
"Popular Salary Calculations","H2"
"Related Articles","H2"
"Illinois Income Tax Guide 2026","H3"
"Florida vs Texas Tax Comparison","H3"
"2026 Federal Tax Brackets Explained","H3"
"Why Texas Has No Income Tax","H1"
"Why Texas Has No Income Tax","H1"
"The Short Answer","H2"
"How Texas Funds Its Government","H2"
"1. Sales Tax (Primary Source)","H3"
"2. Property Tax","H3"
"3. Other Revenue Sources","H3"
"The Trade-Off: Property Taxes","H2"
"Who Pays More Overall?","H3"
"The Economic Argument","H2"
"Texas vs. States With Income Tax","H2"
"Recent Property Tax Relief","H2"
"Bottom Line","H2"
"Related Articles","H3"
"Illinois Income Tax Guide 2026","H4"
"EXPLORE THETAXCALC — ALL TOOLS, RESOURCES & GUIDES","H2"
"TAX CALCULATORS","H3"
"SALARY AFTER TAX","H3"
"STATE COMPARISONS & RESOURCES","H3"
"TAX GUIDES & BLOG","H3"
"ALL SALARY AFTER TAX PAGES","H3"
"Stay Updated on Tax Changes","H3"
"CALCULATORS","H4"
"MORE TOOLS","H4"
"TAX RESOURCES","H4"
