Page URL with Redirect Link,Initial Redirect URL,Final Destination URL,Status code,Discovered
https://thetaxcalc.com/,https://thetaxcalc.com/salary/75000,https://thetaxcalc.com/salary/75000-after-taxes,301,02 Jul 2026 (12:10 UTC)
https://thetaxcalc.com/,https://thetaxcalc.com/salary/50000,https://thetaxcalc.com/salary/50000-after-taxes,301,02 Jul 2026 (12:10 UTC)
https://thetaxcalc.com/,https://thetaxcalc.com/salary/100000,https://thetaxcalc.com/salary/100000-after-taxes,301,02 Jul 2026 (12:10 UTC)
https://thetaxcalc.com/about,https://thetaxcalc.com/salary/100000,https://thetaxcalc.com/salary/100000-after-taxes,301,02 Jul 2026 (12:10 UTC)
https://thetaxcalc.com/about,https://thetaxcalc.com/salary/50000,https://thetaxcalc.com/salary/50000-after-taxes,301,02 Jul 2026 (12:10 UTC)
https://thetaxcalc.com/about,https://thetaxcalc.com/salary/75000,https://thetaxcalc.com/salary/75000-after-taxes,301,02 Jul 2026 (12:10 UTC)
https://thetaxcalc.com/blog,https://thetaxcalc.com/salary/100000,https://thetaxcalc.com/salary/100000-after-taxes,301,02 Jul 2026 (12:10 UTC)
https://thetaxcalc.com/blog,https://thetaxcalc.com/salary/50000,https://thetaxcalc.com/salary/50000-after-taxes,301,02 Jul 2026 (12:10 UTC)
https://thetaxcalc.com/blog,https://thetaxcalc.com/salary/75000,https://thetaxcalc.com/salary/75000-after-taxes,301,02 Jul 2026 (12:10 UTC)
https://thetaxcalc.com/blog/1099-tax-guide-self-employed-2026,https://thetaxcalc.com/salary/75000,https://thetaxcalc.com/salary/75000-after-taxes,301,02 Jul 2026 (12:10 UTC)
https://thetaxcalc.com/blog/1099-tax-guide-self-employed-2026,https://thetaxcalc.com/salary/50000,https://thetaxcalc.com/salary/50000-after-taxes,301,02 Jul 2026 (12:10 UTC)
https://thetaxcalc.com/blog/1099-tax-guide-self-employed-2026,https://thetaxcalc.com/salary/100000,https://thetaxcalc.com/salary/100000-after-taxes,301,02 Jul 2026 (12:10 UTC)
https://thetaxcalc.com/blog/2026-federal-tax-brackets-explained,https://thetaxcalc.com/salary/100000,https://thetaxcalc.com/salary/100000-after-taxes,301,02 Jul 2026 (12:10 UTC)
https://thetaxcalc.com/blog/2026-federal-tax-brackets-explained,https://thetaxcalc.com/salary/75000,https://thetaxcalc.com/salary/75000-after-taxes,301,02 Jul 2026 (12:10 UTC)
https://thetaxcalc.com/blog/2026-federal-tax-brackets-explained,https://thetaxcalc.com/salary/50000,https://thetaxcalc.com/salary/50000-after-taxes,301,02 Jul 2026 (12:10 UTC)
https://thetaxcalc.com/blog/401k-withdrawal-tax-guide-2026,https://thetaxcalc.com/salary/100000,https://thetaxcalc.com/salary/100000-after-taxes,301,02 Jul 2026 (12:10 UTC)
https://thetaxcalc.com/blog/401k-withdrawal-tax-guide-2026,https://thetaxcalc.com/salary/50000,https://thetaxcalc.com/salary/50000-after-taxes,301,02 Jul 2026 (12:10 UTC)
https://thetaxcalc.com/blog/401k-withdrawal-tax-guide-2026,https://thetaxcalc.com/salary/75000,https://thetaxcalc.com/salary/75000-after-taxes,301,02 Jul 2026 (12:10 UTC)
https://thetaxcalc.com/blog/401k-withdrawal-tax-questions-2026,https://thetaxcalc.com/salary/100000,https://thetaxcalc.com/salary/100000-after-taxes,301,02 Jul 2026 (12:10 UTC)
https://thetaxcalc.com/blog/401k-withdrawal-tax-questions-2026,https://thetaxcalc.com/salary/50000,https://thetaxcalc.com/salary/50000-after-taxes,301,02 Jul 2026 (12:10 UTC)
https://thetaxcalc.com/blog/401k-withdrawal-tax-questions-2026,https://thetaxcalc.com/salary/75000,https://thetaxcalc.com/salary/75000-after-taxes,301,02 Jul 2026 (12:10 UTC)
https://thetaxcalc.com/blog/federal-tax-brackets-2026-guide,https://thetaxcalc.com/salary/75000,https://thetaxcalc.com/salary/75000-after-taxes,301,02 Jul 2026 (12:10 UTC)
https://thetaxcalc.com/blog/federal-tax-brackets-2026-guide,https://thetaxcalc.com/salary/100000,https://thetaxcalc.com/salary/100000-after-taxes,301,02 Jul 2026 (12:10 UTC)
https://thetaxcalc.com/blog/federal-tax-brackets-2026-guide,https://thetaxcalc.com/salary/50000,https://thetaxcalc.com/salary/50000-after-taxes,301,02 Jul 2026 (12:10 UTC)
https://thetaxcalc.com/blog/florida-vs-texas-tax-comparison,https://thetaxcalc.com/salary/100000,https://thetaxcalc.com/salary/100000-after-taxes,301,02 Jul 2026 (12:10 UTC)
https://thetaxcalc.com/blog/florida-vs-texas-tax-comparison,https://thetaxcalc.com/salary/50000,https://thetaxcalc.com/salary/50000-after-taxes,301,02 Jul 2026 (12:10 UTC)
https://thetaxcalc.com/blog/florida-vs-texas-tax-comparison,https://thetaxcalc.com/salary/75000,https://thetaxcalc.com/salary/75000-after-taxes,301,02 Jul 2026 (12:10 UTC)
https://thetaxcalc.com/blog/free-tax-calculator-no-signup-2026,https://thetaxcalc.com/salary/75000,https://thetaxcalc.com/salary/75000-after-taxes,301,02 Jul 2026 (12:10 UTC)
https://thetaxcalc.com/blog/free-tax-calculator-no-signup-2026,https://thetaxcalc.com/salary/50000,https://thetaxcalc.com/salary/50000-after-taxes,301,02 Jul 2026 (12:10 UTC)
https://thetaxcalc.com/blog/free-tax-calculator-no-signup-2026,https://thetaxcalc.com/salary/100000,https://thetaxcalc.com/salary/100000-after-taxes,301,02 Jul 2026 (12:10 UTC)
https://thetaxcalc.com/blog/hourly-wage-after-tax-questions-2026,https://thetaxcalc.com/salary/75000,https://thetaxcalc.com/salary/75000-after-taxes,301,02 Jul 2026 (12:10 UTC)
https://thetaxcalc.com/blog/hourly-wage-after-tax-questions-2026,https://thetaxcalc.com/salary/100000,https://thetaxcalc.com/salary/100000-after-taxes,301,02 Jul 2026 (12:10 UTC)
https://thetaxcalc.com/blog/hourly-wage-after-tax-questions-2026,https://thetaxcalc.com/salary/50000,https://thetaxcalc.com/salary/50000-after-taxes,301,02 Jul 2026 (12:10 UTC)
https://thetaxcalc.com/blog/how-bonuses-are-taxed-2026,https://thetaxcalc.com/salary/75000,https://thetaxcalc.com/salary/75000-after-taxes,301,02 Jul 2026 (12:10 UTC)
https://thetaxcalc.com/blog/how-bonuses-are-taxed-2026,https://thetaxcalc.com/salary/50000,https://thetaxcalc.com/salary/50000-after-taxes,301,02 Jul 2026 (12:10 UTC)
https://thetaxcalc.com/blog/how-bonuses-are-taxed-2026,https://thetaxcalc.com/salary/100000,https://thetaxcalc.com/salary/100000-after-taxes,301,02 Jul 2026 (12:10 UTC)
https://thetaxcalc.com/blog/how-fica-taxes-work-2026,https://thetaxcalc.com/salary/50000,https://thetaxcalc.com/salary/50000-after-taxes,301,02 Jul 2026 (12:10 UTC)
https://thetaxcalc.com/blog/how-fica-taxes-work-2026,https://thetaxcalc.com/salary/100000,https://thetaxcalc.com/salary/100000-after-taxes,301,02 Jul 2026 (12:10 UTC)
https://thetaxcalc.com/blog/how-fica-taxes-work-2026,https://thetaxcalc.com/salary/75000,https://thetaxcalc.com/salary/75000-after-taxes,301,02 Jul 2026 (12:10 UTC)
https://thetaxcalc.com/blog/how-much-tax-will-i-owe-2026,https://thetaxcalc.com/salary/50000,https://thetaxcalc.com/salary/50000-after-taxes,301,02 Jul 2026 (12:10 UTC)
https://thetaxcalc.com/blog/how-much-tax-will-i-owe-2026,https://thetaxcalc.com/salary/75000,https://thetaxcalc.com/salary/75000-after-taxes,301,02 Jul 2026 (12:10 UTC)
https://thetaxcalc.com/blog/how-much-tax-will-i-owe-2026,https://thetaxcalc.com/salary/100000,https://thetaxcalc.com/salary/100000-after-taxes,301,02 Jul 2026 (12:10 UTC)
https://thetaxcalc.com/blog/illinois-income-tax-guide-2026,https://thetaxcalc.com/salary/100000,https://thetaxcalc.com/salary/100000-after-taxes,301,02 Jul 2026 (12:10 UTC)
https://thetaxcalc.com/blog/illinois-income-tax-guide-2026,https://thetaxcalc.com/salary/50000,https://thetaxcalc.com/salary/50000-after-taxes,301,02 Jul 2026 (12:10 UTC)
https://thetaxcalc.com/blog/illinois-income-tax-guide-2026,https://thetaxcalc.com/salary/75000,https://thetaxcalc.com/salary/75000-after-taxes,301,02 Jul 2026 (12:10 UTC)
https://thetaxcalc.com/blog/inheritance-tax-questions-2026,https://thetaxcalc.com/salary/100000,https://thetaxcalc.com/salary/100000-after-taxes,301,02 Jul 2026 (12:10 UTC)
https://thetaxcalc.com/blog/inheritance-tax-questions-2026,https://thetaxcalc.com/salary/75000,https://thetaxcalc.com/salary/75000-after-taxes,301,02 Jul 2026 (12:10 UTC)
https://thetaxcalc.com/blog/inheritance-tax-questions-2026,https://thetaxcalc.com/salary/50000,https://thetaxcalc.com/salary/50000-after-taxes,301,02 Jul 2026 (12:10 UTC)
https://thetaxcalc.com/blog/irs-withholding-w4-guide-2026,https://thetaxcalc.com/salary/50000,https://thetaxcalc.com/salary/50000-after-taxes,301,02 Jul 2026 (12:10 UTC)
https://thetaxcalc.com/blog/irs-withholding-w4-guide-2026,https://thetaxcalc.com/salary/100000,https://thetaxcalc.com/salary/100000-after-taxes,301,02 Jul 2026 (12:10 UTC)
https://thetaxcalc.com/blog/irs-withholding-w4-guide-2026,https://thetaxcalc.com/salary/75000,https://thetaxcalc.com/salary/75000-after-taxes,301,02 Jul 2026 (12:10 UTC)
https://thetaxcalc.com/blog/lottery-tax-guide-2026,https://thetaxcalc.com/salary/50000,https://thetaxcalc.com/salary/50000-after-taxes,301,02 Jul 2026 (12:10 UTC)
https://thetaxcalc.com/blog/lottery-tax-guide-2026,https://thetaxcalc.com/salary/100000,https://thetaxcalc.com/salary/100000-after-taxes,301,02 Jul 2026 (12:10 UTC)
https://thetaxcalc.com/blog/lottery-tax-guide-2026,https://thetaxcalc.com/salary/75000,https://thetaxcalc.com/salary/75000-after-taxes,301,02 Jul 2026 (12:10 UTC)
https://thetaxcalc.com/blog/no-tax-on-overtime-guide-2026,https://thetaxcalc.com/salary/100000,https://thetaxcalc.com/salary/100000-after-taxes,301,02 Jul 2026 (12:10 UTC)
https://thetaxcalc.com/blog/no-tax-on-overtime-guide-2026,https://thetaxcalc.com/salary/50000,https://thetaxcalc.com/salary/50000-after-taxes,301,02 Jul 2026 (12:10 UTC)
https://thetaxcalc.com/blog/no-tax-on-overtime-guide-2026,https://thetaxcalc.com/salary/75000,https://thetaxcalc.com/salary/75000-after-taxes,301,02 Jul 2026 (12:10 UTC)
https://thetaxcalc.com/blog/property-tax-by-state-guide-2026,https://thetaxcalc.com/salary/100000,https://thetaxcalc.com/salary/100000-after-taxes,301,02 Jul 2026 (12:10 UTC)
https://thetaxcalc.com/blog/property-tax-by-state-guide-2026,https://thetaxcalc.com/salary/50000,https://thetaxcalc.com/salary/50000-after-taxes,301,02 Jul 2026 (12:10 UTC)
https://thetaxcalc.com/blog/property-tax-by-state-guide-2026,https://thetaxcalc.com/salary/75000,https://thetaxcalc.com/salary/75000-after-taxes,301,02 Jul 2026 (12:10 UTC)
https://thetaxcalc.com/blog/retirement-tax-planning-guide-2026,https://thetaxcalc.com/salary/100000,https://thetaxcalc.com/salary/100000-after-taxes,301,02 Jul 2026 (12:10 UTC)
https://thetaxcalc.com/blog/retirement-tax-planning-guide-2026,https://thetaxcalc.com/salary/50000,https://thetaxcalc.com/salary/50000-after-taxes,301,02 Jul 2026 (12:10 UTC)
https://thetaxcalc.com/blog/retirement-tax-planning-guide-2026,https://thetaxcalc.com/salary/75000,https://thetaxcalc.com/salary/75000-after-taxes,301,02 Jul 2026 (12:10 UTC)
https://thetaxcalc.com/blog/sales-tax-by-state-guide-2026,https://thetaxcalc.com/salary/75000,https://thetaxcalc.com/salary/75000-after-taxes,301,02 Jul 2026 (12:10 UTC)
https://thetaxcalc.com/blog/sales-tax-by-state-guide-2026,https://thetaxcalc.com/salary/50000,https://thetaxcalc.com/salary/50000-after-taxes,301,02 Jul 2026 (12:10 UTC)
https://thetaxcalc.com/blog/sales-tax-by-state-guide-2026,https://thetaxcalc.com/salary/100000,https://thetaxcalc.com/salary/100000-after-taxes,301,02 Jul 2026 (12:10 UTC)
https://thetaxcalc.com/blog/social-security-tax-questions-2026,https://thetaxcalc.com/salary/75000,https://thetaxcalc.com/salary/75000-after-taxes,301,02 Jul 2026 (12:10 UTC)
https://thetaxcalc.com/blog/social-security-tax-questions-2026,https://thetaxcalc.com/salary/50000,https://thetaxcalc.com/salary/50000-after-taxes,301,02 Jul 2026 (12:10 UTC)
https://thetaxcalc.com/blog/social-security-tax-questions-2026,https://thetaxcalc.com/salary/100000,https://thetaxcalc.com/salary/100000-after-taxes,301,02 Jul 2026 (12:10 UTC)
https://thetaxcalc.com/blog/tax-questions-answered-2026,https://thetaxcalc.com/salary/100000,https://thetaxcalc.com/salary/100000-after-taxes,301,02 Jul 2026 (12:10 UTC)
https://thetaxcalc.com/blog/tax-questions-answered-2026,https://thetaxcalc.com/salary/50000,https://thetaxcalc.com/salary/50000-after-taxes,301,02 Jul 2026 (12:10 UTC)
https://thetaxcalc.com/blog/tax-questions-answered-2026,https://thetaxcalc.com/salary/75000,https://thetaxcalc.com/salary/75000-after-taxes,301,02 Jul 2026 (12:10 UTC)
https://thetaxcalc.com/blog/tax-refund-questions-2026,https://thetaxcalc.com/salary/50000,https://thetaxcalc.com/salary/50000-after-taxes,301,02 Jul 2026 (12:10 UTC)
https://thetaxcalc.com/blog/tax-refund-questions-2026,https://thetaxcalc.com/salary/75000,https://thetaxcalc.com/salary/75000-after-taxes,301,02 Jul 2026 (12:10 UTC)
https://thetaxcalc.com/blog/tax-refund-questions-2026,https://thetaxcalc.com/salary/100000,https://thetaxcalc.com/salary/100000-after-taxes,301,02 Jul 2026 (12:10 UTC)
https://thetaxcalc.com/blog/washington-tax-guide-2026,https://thetaxcalc.com/salary/100000,https://thetaxcalc.com/salary/100000-after-taxes,301,02 Jul 2026 (12:10 UTC)
https://thetaxcalc.com/blog/washington-tax-guide-2026,https://thetaxcalc.com/salary/50000,https://thetaxcalc.com/salary/50000-after-taxes,301,02 Jul 2026 (12:10 UTC)
https://thetaxcalc.com/blog/washington-tax-guide-2026,https://thetaxcalc.com/salary/75000,https://thetaxcalc.com/salary/75000-after-taxes,301,02 Jul 2026 (12:10 UTC)
https://thetaxcalc.com/blog/what-is-taxable-income-guide-2026,https://thetaxcalc.com/salary/100000,https://thetaxcalc.com/salary/100000-after-taxes,301,02 Jul 2026 (12:10 UTC)
https://thetaxcalc.com/blog/what-is-taxable-income-guide-2026,https://thetaxcalc.com/salary/50000,https://thetaxcalc.com/salary/50000-after-taxes,301,02 Jul 2026 (12:10 UTC)
https://thetaxcalc.com/blog/what-is-taxable-income-guide-2026,https://thetaxcalc.com/salary/75000,https://thetaxcalc.com/salary/75000-after-taxes,301,02 Jul 2026 (12:10 UTC)
https://thetaxcalc.com/blog/why-texas-has-no-income-tax,https://thetaxcalc.com/salary/75000,https://thetaxcalc.com/salary/75000-after-taxes,301,02 Jul 2026 (12:10 UTC)
https://thetaxcalc.com/blog/why-texas-has-no-income-tax,https://thetaxcalc.com/salary/50000,https://thetaxcalc.com/salary/50000-after-taxes,301,02 Jul 2026 (12:10 UTC)
https://thetaxcalc.com/blog/why-texas-has-no-income-tax,https://thetaxcalc.com/salary/100000,https://thetaxcalc.com/salary/100000-after-taxes,301,02 Jul 2026 (12:10 UTC)
https://thetaxcalc.com/glossary,https://thetaxcalc.com/salary/100000,https://thetaxcalc.com/salary/100000-after-taxes,301,02 Jul 2026 (12:10 UTC)
https://thetaxcalc.com/glossary,https://thetaxcalc.com/salary/50000,https://thetaxcalc.com/salary/50000-after-taxes,301,02 Jul 2026 (12:10 UTC)
https://thetaxcalc.com/glossary,https://thetaxcalc.com/salary/75000,https://thetaxcalc.com/salary/75000-after-taxes,301,02 Jul 2026 (12:10 UTC)
https://thetaxcalc.com/privacy,https://thetaxcalc.com/salary/75000,https://thetaxcalc.com/salary/75000-after-taxes,301,02 Jul 2026 (12:10 UTC)
https://thetaxcalc.com/privacy,https://thetaxcalc.com/salary/50000,https://thetaxcalc.com/salary/50000-after-taxes,301,02 Jul 2026 (12:10 UTC)
https://thetaxcalc.com/privacy,https://thetaxcalc.com/salary/100000,https://thetaxcalc.com/salary/100000-after-taxes,301,02 Jul 2026 (12:10 UTC)
https://thetaxcalc.com/terms,https://thetaxcalc.com/salary/100000,https://thetaxcalc.com/salary/100000-after-taxes,301,02 Jul 2026 (12:10 UTC)
https://thetaxcalc.com/terms,https://thetaxcalc.com/salary/50000,https://thetaxcalc.com/salary/50000-after-taxes,301,02 Jul 2026 (12:10 UTC)
https://thetaxcalc.com/terms,https://thetaxcalc.com/salary/75000,https://thetaxcalc.com/salary/75000-after-taxes,301,02 Jul 2026 (12:10 UTC)
