Page URL,Link URL,Discovered
https://thetaxcalc.com/,https://www.irs.gov/filing/federal-income-tax-rates-and-brackets,07 Jul 2026 (13:50 UTC)
https://thetaxcalc.com/,https://www.ftb.ca.gov/forms,07 Jul 2026 (13:50 UTC)
https://thetaxcalc.com/,https://revenue.illinois.gov/,07 Jul 2026 (13:50 UTC)
https://thetaxcalc.com/,https://taxfoundation.org/,07 Jul 2026 (13:50 UTC)
https://thetaxcalc.com/,https://www.tax.ny.gov/,07 Jul 2026 (13:50 UTC)
https://thetaxcalc.com/,https://www.irs.gov/,07 Jul 2026 (13:50 UTC)
https://thetaxcalc.com/,https://floridarevenue.com/,07 Jul 2026 (13:50 UTC)
https://thetaxcalc.com/,https://comptroller.texas.gov/,07 Jul 2026 (13:50 UTC)
https://thetaxcalc.com/about,https://www.tax.ny.gov/,07 Jul 2026 (13:50 UTC)
https://thetaxcalc.com/about,https://www.irs.gov/publications/p15t,07 Jul 2026 (13:50 UTC)
https://thetaxcalc.com/about,https://www.ftb.ca.gov/forms,07 Jul 2026 (13:50 UTC)
https://thetaxcalc.com/about,https://www.irs.gov/publications/p15,07 Jul 2026 (13:50 UTC)
https://thetaxcalc.com/about,https://revenue.illinois.gov/,07 Jul 2026 (13:50 UTC)
https://thetaxcalc.com/about,https://taxfoundation.org/,07 Jul 2026 (13:50 UTC)
https://thetaxcalc.com/about,https://www.irs.gov/,07 Jul 2026 (13:50 UTC)
https://thetaxcalc.com/about,https://floridarevenue.com/,07 Jul 2026 (13:50 UTC)
https://thetaxcalc.com/about,https://comptroller.texas.gov/,07 Jul 2026 (13:50 UTC)
https://thetaxcalc.com/alabama-tax-calculator,https://taxfoundation.org/,07 Jul 2026 (13:50 UTC)
https://thetaxcalc.com/alabama-tax-calculator,https://www.ftb.ca.gov/forms,07 Jul 2026 (13:50 UTC)
https://thetaxcalc.com/alabama-tax-calculator,https://revenue.illinois.gov/,07 Jul 2026 (13:50 UTC)
https://thetaxcalc.com/alabama-tax-calculator,https://www.tax.ny.gov/,07 Jul 2026 (13:50 UTC)
https://thetaxcalc.com/alabama-tax-calculator,https://www.irs.gov/,07 Jul 2026 (13:50 UTC)
https://thetaxcalc.com/alabama-tax-calculator,https://floridarevenue.com/,07 Jul 2026 (13:50 UTC)
https://thetaxcalc.com/alabama-tax-calculator,https://comptroller.texas.gov/,07 Jul 2026 (13:50 UTC)
https://thetaxcalc.com/alaska-tax-calculator,https://www.ftb.ca.gov/forms,07 Jul 2026 (13:50 UTC)
https://thetaxcalc.com/alaska-tax-calculator,https://comptroller.texas.gov/,07 Jul 2026 (13:50 UTC)
https://thetaxcalc.com/alaska-tax-calculator,https://taxfoundation.org/,07 Jul 2026 (13:50 UTC)
https://thetaxcalc.com/alaska-tax-calculator,https://www.tax.ny.gov/,07 Jul 2026 (13:50 UTC)
https://thetaxcalc.com/alaska-tax-calculator,https://www.irs.gov/,07 Jul 2026 (13:50 UTC)
https://thetaxcalc.com/alaska-tax-calculator,https://floridarevenue.com/,07 Jul 2026 (13:50 UTC)
https://thetaxcalc.com/alaska-tax-calculator,https://revenue.illinois.gov/,07 Jul 2026 (13:50 UTC)
https://thetaxcalc.com/arizona-tax-calculator,https://taxfoundation.org/,07 Jul 2026 (13:50 UTC)
https://thetaxcalc.com/arizona-tax-calculator,https://www.ftb.ca.gov/forms,07 Jul 2026 (13:50 UTC)
https://thetaxcalc.com/arizona-tax-calculator,https://revenue.illinois.gov/,07 Jul 2026 (13:50 UTC)
https://thetaxcalc.com/arizona-tax-calculator,https://www.tax.ny.gov/,07 Jul 2026 (13:50 UTC)
https://thetaxcalc.com/arizona-tax-calculator,https://www.irs.gov/,07 Jul 2026 (13:50 UTC)
https://thetaxcalc.com/arizona-tax-calculator,https://floridarevenue.com/,07 Jul 2026 (13:50 UTC)
https://thetaxcalc.com/arizona-tax-calculator,https://comptroller.texas.gov/,07 Jul 2026 (13:50 UTC)
https://thetaxcalc.com/arkansas-tax-calculator,https://www.irs.gov/,07 Jul 2026 (13:50 UTC)
https://thetaxcalc.com/arkansas-tax-calculator,https://www.tax.ny.gov/,07 Jul 2026 (13:50 UTC)
https://thetaxcalc.com/arkansas-tax-calculator,https://taxfoundation.org/,07 Jul 2026 (13:50 UTC)
https://thetaxcalc.com/arkansas-tax-calculator,https://revenue.illinois.gov/,07 Jul 2026 (13:50 UTC)
https://thetaxcalc.com/arkansas-tax-calculator,https://www.ftb.ca.gov/forms,07 Jul 2026 (13:50 UTC)
https://thetaxcalc.com/arkansas-tax-calculator,https://floridarevenue.com/,07 Jul 2026 (13:50 UTC)
https://thetaxcalc.com/arkansas-tax-calculator,https://comptroller.texas.gov/,07 Jul 2026 (13:50 UTC)
https://thetaxcalc.com/blog,https://comptroller.texas.gov/,07 Jul 2026 (13:50 UTC)
https://thetaxcalc.com/blog,https://floridarevenue.com/,07 Jul 2026 (13:50 UTC)
https://thetaxcalc.com/blog,https://www.irs.gov/,07 Jul 2026 (13:50 UTC)
https://thetaxcalc.com/blog,https://www.tax.ny.gov/,07 Jul 2026 (13:50 UTC)
https://thetaxcalc.com/blog,https://taxfoundation.org/,07 Jul 2026 (13:50 UTC)
https://thetaxcalc.com/blog,https://revenue.illinois.gov/,07 Jul 2026 (13:50 UTC)
https://thetaxcalc.com/blog,https://www.ftb.ca.gov/forms,07 Jul 2026 (13:50 UTC)
https://thetaxcalc.com/blog/1099-tax-guide-self-employed-2026,https://www.ftb.ca.gov/forms,07 Jul 2026 (13:50 UTC)
https://thetaxcalc.com/blog/1099-tax-guide-self-employed-2026,https://www.irs.gov/publications/p334,07 Jul 2026 (13:50 UTC)
https://thetaxcalc.com/blog/1099-tax-guide-self-employed-2026,https://www.irs.gov/publications/p505,07 Jul 2026 (13:50 UTC)
https://thetaxcalc.com/blog/1099-tax-guide-self-employed-2026,https://www.irs.gov/,07 Jul 2026 (13:50 UTC)
https://thetaxcalc.com/blog/1099-tax-guide-self-employed-2026,https://floridarevenue.com/,07 Jul 2026 (13:50 UTC)
https://thetaxcalc.com/blog/1099-tax-guide-self-employed-2026,https://www.tax.ny.gov/,07 Jul 2026 (13:50 UTC)
https://thetaxcalc.com/blog/1099-tax-guide-self-employed-2026,https://taxfoundation.org/,07 Jul 2026 (13:50 UTC)
https://thetaxcalc.com/blog/1099-tax-guide-self-employed-2026,https://comptroller.texas.gov/,07 Jul 2026 (13:50 UTC)
https://thetaxcalc.com/blog/1099-tax-guide-self-employed-2026,https://revenue.illinois.gov/,07 Jul 2026 (13:50 UTC)
https://thetaxcalc.com/blog/401k-withdrawal-tax-guide-2026,https://www.irs.gov/retirement-plans/secure-20-act,07 Jul 2026 (13:50 UTC)
https://thetaxcalc.com/blog/401k-withdrawal-tax-guide-2026,https://www.irs.gov/,07 Jul 2026 (13:50 UTC)
https://thetaxcalc.com/blog/401k-withdrawal-tax-guide-2026,https://floridarevenue.com/,07 Jul 2026 (13:50 UTC)
https://thetaxcalc.com/blog/401k-withdrawal-tax-guide-2026,https://www.irs.gov/taxtopics/tc558,07 Jul 2026 (13:50 UTC)
https://thetaxcalc.com/blog/401k-withdrawal-tax-guide-2026,https://www.tax.ny.gov/,07 Jul 2026 (13:50 UTC)
https://thetaxcalc.com/blog/401k-withdrawal-tax-guide-2026,https://comptroller.texas.gov/,07 Jul 2026 (13:50 UTC)
https://thetaxcalc.com/blog/401k-withdrawal-tax-guide-2026,https://www.irs.gov/publications/p560,07 Jul 2026 (13:50 UTC)
https://thetaxcalc.com/blog/401k-withdrawal-tax-guide-2026,https://www.ftb.ca.gov/forms,07 Jul 2026 (13:50 UTC)
https://thetaxcalc.com/blog/401k-withdrawal-tax-guide-2026,https://revenue.illinois.gov/,07 Jul 2026 (13:50 UTC)
https://thetaxcalc.com/blog/401k-withdrawal-tax-guide-2026,https://taxfoundation.org/,07 Jul 2026 (13:50 UTC)
https://thetaxcalc.com/blog/401k-withdrawal-tax-questions-2026,https://floridarevenue.com/,07 Jul 2026 (13:50 UTC)
https://thetaxcalc.com/blog/401k-withdrawal-tax-questions-2026,https://www.irs.gov/,07 Jul 2026 (13:50 UTC)
https://thetaxcalc.com/blog/401k-withdrawal-tax-questions-2026,https://www.tax.ny.gov/,07 Jul 2026 (13:50 UTC)
https://thetaxcalc.com/blog/401k-withdrawal-tax-questions-2026,https://www.irs.gov/retirement-plans/secure-20-act,07 Jul 2026 (13:50 UTC)
https://thetaxcalc.com/blog/401k-withdrawal-tax-questions-2026,https://taxfoundation.org/,07 Jul 2026 (13:50 UTC)
https://thetaxcalc.com/blog/401k-withdrawal-tax-questions-2026,https://www.irs.gov/publications/p590b,07 Jul 2026 (13:50 UTC)
https://thetaxcalc.com/blog/401k-withdrawal-tax-questions-2026,https://revenue.illinois.gov/,07 Jul 2026 (13:50 UTC)
https://thetaxcalc.com/blog/401k-withdrawal-tax-questions-2026,https://www.ftb.ca.gov/forms,07 Jul 2026 (13:50 UTC)
https://thetaxcalc.com/blog/401k-withdrawal-tax-questions-2026,https://www.irs.gov/publications/p560,07 Jul 2026 (13:50 UTC)
https://thetaxcalc.com/blog/401k-withdrawal-tax-questions-2026,https://comptroller.texas.gov/,07 Jul 2026 (13:50 UTC)
https://thetaxcalc.com/blog/free-tax-calculator-no-signup-2026,https://comptroller.texas.gov/,07 Jul 2026 (13:50 UTC)
https://thetaxcalc.com/blog/free-tax-calculator-no-signup-2026,https://www.ftb.ca.gov/forms,07 Jul 2026 (13:50 UTC)
https://thetaxcalc.com/blog/free-tax-calculator-no-signup-2026,https://floridarevenue.com/,07 Jul 2026 (13:50 UTC)
https://thetaxcalc.com/blog/free-tax-calculator-no-signup-2026,https://www.irs.gov/,07 Jul 2026 (13:50 UTC)
https://thetaxcalc.com/blog/free-tax-calculator-no-signup-2026,https://www.irs.gov/publications/p505,07 Jul 2026 (13:50 UTC)
https://thetaxcalc.com/blog/free-tax-calculator-no-signup-2026,https://www.tax.ny.gov/,07 Jul 2026 (13:50 UTC)
https://thetaxcalc.com/blog/free-tax-calculator-no-signup-2026,https://taxfoundation.org/,07 Jul 2026 (13:50 UTC)
https://thetaxcalc.com/blog/free-tax-calculator-no-signup-2026,https://revenue.illinois.gov/,07 Jul 2026 (13:50 UTC)
https://thetaxcalc.com/blog/free-tax-calculator-no-signup-2026,https://www.irs.gov/publications/p15t,07 Jul 2026 (13:50 UTC)
https://thetaxcalc.com/blog/how-bonuses-are-taxed-2026,https://www.ftb.ca.gov/forms,07 Jul 2026 (13:50 UTC)
https://thetaxcalc.com/blog/how-bonuses-are-taxed-2026,https://revenue.illinois.gov/,07 Jul 2026 (13:50 UTC)
https://thetaxcalc.com/blog/how-bonuses-are-taxed-2026,https://taxfoundation.org/,07 Jul 2026 (13:50 UTC)
https://thetaxcalc.com/blog/how-bonuses-are-taxed-2026,https://www.tax.ny.gov/,07 Jul 2026 (13:50 UTC)
https://thetaxcalc.com/blog/how-bonuses-are-taxed-2026,https://www.irs.gov/,07 Jul 2026 (13:50 UTC)
https://thetaxcalc.com/blog/how-bonuses-are-taxed-2026,https://floridarevenue.com/,07 Jul 2026 (13:50 UTC)
https://thetaxcalc.com/blog/how-bonuses-are-taxed-2026,https://www.irs.gov/taxtopics/tc761,07 Jul 2026 (13:50 UTC)
https://thetaxcalc.com/blog/how-bonuses-are-taxed-2026,https://comptroller.texas.gov/,07 Jul 2026 (13:50 UTC)
https://thetaxcalc.com/blog/how-bonuses-are-taxed-2026,https://www.irs.gov/publications/p15t,07 Jul 2026 (13:50 UTC)
https://thetaxcalc.com/blog/how-fica-taxes-work-2026,https://taxfoundation.org/,07 Jul 2026 (13:50 UTC)
https://thetaxcalc.com/blog/how-fica-taxes-work-2026,https://comptroller.texas.gov/,07 Jul 2026 (13:50 UTC)
https://thetaxcalc.com/blog/how-fica-taxes-work-2026,https://www.ssa.gov/oact/progdata/taxRates.html,07 Jul 2026 (13:50 UTC)
https://thetaxcalc.com/blog/how-fica-taxes-work-2026,https://floridarevenue.com/,07 Jul 2026 (13:50 UTC)
https://thetaxcalc.com/blog/how-fica-taxes-work-2026,https://www.irs.gov/,07 Jul 2026 (13:50 UTC)
https://thetaxcalc.com/blog/how-fica-taxes-work-2026,https://www.tax.ny.gov/,07 Jul 2026 (13:50 UTC)
https://thetaxcalc.com/blog/how-fica-taxes-work-2026,https://www.irs.gov/publications/p15t,07 Jul 2026 (13:50 UTC)
https://thetaxcalc.com/blog/how-fica-taxes-work-2026,https://www.ftb.ca.gov/forms,07 Jul 2026 (13:50 UTC)
https://thetaxcalc.com/blog/how-fica-taxes-work-2026,https://revenue.illinois.gov/,07 Jul 2026 (13:50 UTC)
https://thetaxcalc.com/blog/illinois-income-tax-guide-2026,https://www.ftb.ca.gov/forms,07 Jul 2026 (13:50 UTC)
https://thetaxcalc.com/blog/illinois-income-tax-guide-2026,https://comptroller.texas.gov/,07 Jul 2026 (13:50 UTC)
https://thetaxcalc.com/blog/illinois-income-tax-guide-2026,https://floridarevenue.com/,07 Jul 2026 (13:50 UTC)
https://thetaxcalc.com/blog/illinois-income-tax-guide-2026,https://www.irs.gov/,07 Jul 2026 (13:50 UTC)
https://thetaxcalc.com/blog/illinois-income-tax-guide-2026,https://www.ilga.gov/commission/lrb/conart9.htm,07 Jul 2026 (13:50 UTC)
https://thetaxcalc.com/blog/illinois-income-tax-guide-2026,https://www.tax.ny.gov/,07 Jul 2026 (13:50 UTC)
https://thetaxcalc.com/blog/illinois-income-tax-guide-2026,https://tax.illinois.gov/,07 Jul 2026 (13:50 UTC)
https://thetaxcalc.com/blog/illinois-income-tax-guide-2026,https://taxfoundation.org/,07 Jul 2026 (13:50 UTC)
https://thetaxcalc.com/blog/illinois-income-tax-guide-2026,https://revenue.illinois.gov/,07 Jul 2026 (13:50 UTC)
https://thetaxcalc.com/blog/irs-withholding-w4-guide-2026,https://comptroller.texas.gov/,07 Jul 2026 (13:50 UTC)
https://thetaxcalc.com/blog/irs-withholding-w4-guide-2026,https://www.ftb.ca.gov/forms,07 Jul 2026 (13:50 UTC)
https://thetaxcalc.com/blog/irs-withholding-w4-guide-2026,https://revenue.illinois.gov/,07 Jul 2026 (13:50 UTC)
https://thetaxcalc.com/blog/irs-withholding-w4-guide-2026,https://taxfoundation.org/,07 Jul 2026 (13:50 UTC)
https://thetaxcalc.com/blog/irs-withholding-w4-guide-2026,https://floridarevenue.com/,07 Jul 2026 (13:50 UTC)
https://thetaxcalc.com/blog/irs-withholding-w4-guide-2026,https://www.irs.gov/,07 Jul 2026 (13:50 UTC)
https://thetaxcalc.com/blog/irs-withholding-w4-guide-2026,https://www.tax.ny.gov/,07 Jul 2026 (13:50 UTC)
https://thetaxcalc.com/blog/irs-withholding-w4-guide-2026,https://www.irs.gov/individuals/tax-withholding-estimator,07 Jul 2026 (13:50 UTC)
https://thetaxcalc.com/blog/irs-withholding-w4-guide-2026,https://www.irs.gov/publications/p15t,07 Jul 2026 (13:50 UTC)
https://thetaxcalc.com/blog/lottery-tax-guide-2026,https://www.tax.ny.gov/,07 Jul 2026 (13:50 UTC)
https://thetaxcalc.com/blog/lottery-tax-guide-2026,https://www.irs.gov/taxtopics/tc419,07 Jul 2026 (13:50 UTC)
https://thetaxcalc.com/blog/lottery-tax-guide-2026,https://www.irs.gov/publications/p525,07 Jul 2026 (13:50 UTC)
https://thetaxcalc.com/blog/lottery-tax-guide-2026,https://comptroller.texas.gov/,07 Jul 2026 (13:50 UTC)
https://thetaxcalc.com/blog/lottery-tax-guide-2026,https://revenue.illinois.gov/,07 Jul 2026 (13:50 UTC)
https://thetaxcalc.com/blog/lottery-tax-guide-2026,https://www.ftb.ca.gov/forms,07 Jul 2026 (13:50 UTC)
https://thetaxcalc.com/blog/lottery-tax-guide-2026,https://taxfoundation.org/,07 Jul 2026 (13:50 UTC)
https://thetaxcalc.com/blog/lottery-tax-guide-2026,https://www.irs.gov/,07 Jul 2026 (13:50 UTC)
https://thetaxcalc.com/blog/lottery-tax-guide-2026,https://floridarevenue.com/,07 Jul 2026 (13:50 UTC)
https://thetaxcalc.com/blog/no-tax-on-overtime-guide-2026,https://www.irs.gov/,07 Jul 2026 (13:50 UTC)
https://thetaxcalc.com/blog/no-tax-on-overtime-guide-2026,https://www.ftb.ca.gov/forms,07 Jul 2026 (13:50 UTC)
https://thetaxcalc.com/blog/no-tax-on-overtime-guide-2026,https://taxfoundation.org/,07 Jul 2026 (13:50 UTC)
https://thetaxcalc.com/blog/no-tax-on-overtime-guide-2026,https://revenue.illinois.gov/,07 Jul 2026 (13:50 UTC)
https://thetaxcalc.com/blog/no-tax-on-overtime-guide-2026,https://www.dol.gov/agencies/whd/flsa,07 Jul 2026 (13:50 UTC)
https://thetaxcalc.com/blog/no-tax-on-overtime-guide-2026,https://www.irs.gov/publications/p15t,07 Jul 2026 (13:50 UTC)
https://thetaxcalc.com/blog/no-tax-on-overtime-guide-2026,https://www.tax.ny.gov/,07 Jul 2026 (13:50 UTC)
https://thetaxcalc.com/blog/no-tax-on-overtime-guide-2026,https://floridarevenue.com/,07 Jul 2026 (13:50 UTC)
https://thetaxcalc.com/blog/no-tax-on-overtime-guide-2026,https://comptroller.texas.gov/,07 Jul 2026 (13:50 UTC)
https://thetaxcalc.com/blog/obbba-tax-refund-impact-2026,https://www.ftb.ca.gov/forms,07 Jul 2026 (13:50 UTC)
https://thetaxcalc.com/blog/obbba-tax-refund-impact-2026,https://www.irs.gov/,07 Jul 2026 (13:50 UTC)
https://thetaxcalc.com/blog/obbba-tax-refund-impact-2026,https://revenue.illinois.gov/,07 Jul 2026 (13:50 UTC)
https://thetaxcalc.com/blog/obbba-tax-refund-impact-2026,https://taxfoundation.org/,07 Jul 2026 (13:50 UTC)
https://thetaxcalc.com/blog/obbba-tax-refund-impact-2026,https://www.tax.ny.gov/,07 Jul 2026 (13:50 UTC)
https://thetaxcalc.com/blog/obbba-tax-refund-impact-2026,https://comptroller.texas.gov/,07 Jul 2026 (13:50 UTC)
https://thetaxcalc.com/blog/obbba-tax-refund-impact-2026,https://floridarevenue.com/,07 Jul 2026 (13:50 UTC)
https://thetaxcalc.com/blog/property-tax-by-state-guide-2026,https://taxfoundation.org/research/all/state/property-taxes-by-state-2025/,07 Jul 2026 (13:50 UTC)
https://thetaxcalc.com/blog/property-tax-by-state-guide-2026,https://revenue.illinois.gov/,07 Jul 2026 (13:50 UTC)
https://thetaxcalc.com/blog/property-tax-by-state-guide-2026,https://taxfoundation.org/,07 Jul 2026 (13:50 UTC)
https://thetaxcalc.com/blog/property-tax-by-state-guide-2026,https://www.tax.ny.gov/,07 Jul 2026 (13:50 UTC)
https://thetaxcalc.com/blog/property-tax-by-state-guide-2026,https://www.irs.gov/,07 Jul 2026 (13:50 UTC)
https://thetaxcalc.com/blog/property-tax-by-state-guide-2026,https://floridarevenue.com/,07 Jul 2026 (13:50 UTC)
https://thetaxcalc.com/blog/property-tax-by-state-guide-2026,https://www.taxadmin.org/state-tax-agencies,07 Jul 2026 (13:50 UTC)
https://thetaxcalc.com/blog/property-tax-by-state-guide-2026,https://comptroller.texas.gov/,07 Jul 2026 (13:50 UTC)
https://thetaxcalc.com/blog/property-tax-by-state-guide-2026,https://www.ftb.ca.gov/forms,07 Jul 2026 (13:50 UTC)
https://thetaxcalc.com/blog/retirement-tax-planning-guide-2026,https://revenue.illinois.gov/,07 Jul 2026 (13:50 UTC)
https://thetaxcalc.com/blog/retirement-tax-planning-guide-2026,https://www.irs.gov/retirement-plans,07 Jul 2026 (13:50 UTC)
https://thetaxcalc.com/blog/retirement-tax-planning-guide-2026,https://www.tax.ny.gov/,07 Jul 2026 (13:50 UTC)
https://thetaxcalc.com/blog/retirement-tax-planning-guide-2026,https://www.irs.gov/,07 Jul 2026 (13:50 UTC)
https://thetaxcalc.com/blog/retirement-tax-planning-guide-2026,https://floridarevenue.com/,07 Jul 2026 (13:50 UTC)
https://thetaxcalc.com/blog/retirement-tax-planning-guide-2026,https://comptroller.texas.gov/,07 Jul 2026 (13:50 UTC)
https://thetaxcalc.com/blog/retirement-tax-planning-guide-2026,https://www.congress.gov/bill/117th-congress/house-bill/2617,07 Jul 2026 (13:50 UTC)
https://thetaxcalc.com/blog/retirement-tax-planning-guide-2026,https://taxfoundation.org/,07 Jul 2026 (13:50 UTC)
https://thetaxcalc.com/blog/retirement-tax-planning-guide-2026,https://www.irs.gov/publications/p590b,07 Jul 2026 (13:50 UTC)
https://thetaxcalc.com/blog/retirement-tax-planning-guide-2026,https://www.ftb.ca.gov/forms,07 Jul 2026 (13:50 UTC)
https://thetaxcalc.com/blog/sales-tax-by-state-guide-2026,https://www.taxadmin.org/state-tax-agencies,07 Jul 2026 (13:50 UTC)
https://thetaxcalc.com/blog/sales-tax-by-state-guide-2026,https://comptroller.texas.gov/,07 Jul 2026 (13:50 UTC)
https://thetaxcalc.com/blog/sales-tax-by-state-guide-2026,https://www.ftb.ca.gov/forms,07 Jul 2026 (13:50 UTC)
https://thetaxcalc.com/blog/sales-tax-by-state-guide-2026,https://www.irs.gov/,07 Jul 2026 (13:50 UTC)
https://thetaxcalc.com/blog/sales-tax-by-state-guide-2026,https://floridarevenue.com/,07 Jul 2026 (13:50 UTC)
https://thetaxcalc.com/blog/sales-tax-by-state-guide-2026,https://taxfoundation.org/data/all/state/sales-tax-rates-by-state-2025/,07 Jul 2026 (13:50 UTC)
https://thetaxcalc.com/blog/sales-tax-by-state-guide-2026,https://www.tax.ny.gov/,07 Jul 2026 (13:50 UTC)
https://thetaxcalc.com/blog/sales-tax-by-state-guide-2026,https://taxfoundation.org/,07 Jul 2026 (13:50 UTC)
https://thetaxcalc.com/blog/sales-tax-by-state-guide-2026,https://revenue.illinois.gov/,07 Jul 2026 (13:50 UTC)
https://thetaxcalc.com/blog/social-security-tax-questions-2026,https://comptroller.texas.gov/,07 Jul 2026 (13:50 UTC)
https://thetaxcalc.com/blog/social-security-tax-questions-2026,https://floridarevenue.com/,07 Jul 2026 (13:50 UTC)
https://thetaxcalc.com/blog/social-security-tax-questions-2026,https://www.irs.gov/,07 Jul 2026 (13:50 UTC)
https://thetaxcalc.com/blog/social-security-tax-questions-2026,https://www.tax.ny.gov/,07 Jul 2026 (13:50 UTC)
https://thetaxcalc.com/blog/social-security-tax-questions-2026,https://www.irs.gov/publications/p915,07 Jul 2026 (13:50 UTC)
https://thetaxcalc.com/blog/social-security-tax-questions-2026,https://www.ssa.gov/benefits/retirement/planner/taxes.html,07 Jul 2026 (13:50 UTC)
https://thetaxcalc.com/blog/social-security-tax-questions-2026,https://taxfoundation.org/,07 Jul 2026 (13:50 UTC)
https://thetaxcalc.com/blog/social-security-tax-questions-2026,https://revenue.illinois.gov/,07 Jul 2026 (13:50 UTC)
https://thetaxcalc.com/blog/social-security-tax-questions-2026,https://www.ftb.ca.gov/forms,07 Jul 2026 (13:50 UTC)
https://thetaxcalc.com/blog/tax-questions-answered-2026,https://taxfoundation.org/,07 Jul 2026 (13:50 UTC)
https://thetaxcalc.com/blog/tax-questions-answered-2026,https://comptroller.texas.gov/,07 Jul 2026 (13:50 UTC)
https://thetaxcalc.com/blog/tax-questions-answered-2026,https://revenue.illinois.gov/,07 Jul 2026 (13:50 UTC)
https://thetaxcalc.com/blog/tax-questions-answered-2026,https://www.ftb.ca.gov/forms,07 Jul 2026 (13:50 UTC)
https://thetaxcalc.com/blog/tax-questions-answered-2026,https://www.irs.gov/publications/p15t,07 Jul 2026 (13:50 UTC)
https://thetaxcalc.com/blog/tax-questions-answered-2026,https://www.tax.ny.gov/,07 Jul 2026 (13:50 UTC)
https://thetaxcalc.com/blog/tax-questions-answered-2026,https://floridarevenue.com/,07 Jul 2026 (13:50 UTC)
https://thetaxcalc.com/blog/tax-questions-answered-2026,https://www.irs.gov/,07 Jul 2026 (13:50 UTC)
https://thetaxcalc.com/blog/tax-refund-questions-2026,https://comptroller.texas.gov/,07 Jul 2026 (13:50 UTC)
https://thetaxcalc.com/blog/tax-refund-questions-2026,https://www.irs.gov/refunds,07 Jul 2026 (13:50 UTC)
https://thetaxcalc.com/blog/tax-refund-questions-2026,https://floridarevenue.com/,07 Jul 2026 (13:50 UTC)
https://thetaxcalc.com/blog/tax-refund-questions-2026,https://www.irs.gov/,07 Jul 2026 (13:50 UTC)
https://thetaxcalc.com/blog/tax-refund-questions-2026,https://www.tax.ny.gov/,07 Jul 2026 (13:50 UTC)
https://thetaxcalc.com/blog/tax-refund-questions-2026,https://taxfoundation.org/,07 Jul 2026 (13:50 UTC)
https://thetaxcalc.com/blog/tax-refund-questions-2026,https://irs.gov/refunds,07 Jul 2026 (13:50 UTC)
https://thetaxcalc.com/blog/tax-refund-questions-2026,https://revenue.illinois.gov/,07 Jul 2026 (13:50 UTC)
https://thetaxcalc.com/blog/tax-refund-questions-2026,https://www.ftb.ca.gov/forms,07 Jul 2026 (13:50 UTC)
https://thetaxcalc.com/blog/what-is-taxable-income-guide-2026,https://comptroller.texas.gov/,07 Jul 2026 (13:50 UTC)
https://thetaxcalc.com/blog/what-is-taxable-income-guide-2026,https://www.tax.ny.gov/,07 Jul 2026 (13:50 UTC)
https://thetaxcalc.com/blog/what-is-taxable-income-guide-2026,https://www.ftb.ca.gov/forms,07 Jul 2026 (13:50 UTC)
https://thetaxcalc.com/blog/what-is-taxable-income-guide-2026,https://revenue.illinois.gov/,07 Jul 2026 (13:50 UTC)
https://thetaxcalc.com/blog/what-is-taxable-income-guide-2026,https://www.irs.gov/publications/p17,07 Jul 2026 (13:50 UTC)
https://thetaxcalc.com/blog/what-is-taxable-income-guide-2026,https://taxfoundation.org/,07 Jul 2026 (13:50 UTC)
https://thetaxcalc.com/blog/what-is-taxable-income-guide-2026,https://www.irs.gov/,07 Jul 2026 (13:50 UTC)
https://thetaxcalc.com/blog/what-is-taxable-income-guide-2026,https://floridarevenue.com/,07 Jul 2026 (13:50 UTC)
https://thetaxcalc.com/blog/what-is-taxable-income-guide-2026,https://www.irs.gov/publications/p525,07 Jul 2026 (13:50 UTC)
https://thetaxcalc.com/blog/why-texas-has-no-income-tax,https://comptroller.texas.gov/economy/,07 Jul 2026 (13:50 UTC)
https://thetaxcalc.com/blog/why-texas-has-no-income-tax,https://statutes.capitol.texas.gov/Docs/TX/htm/TX.111.htm,07 Jul 2026 (13:50 UTC)
https://thetaxcalc.com/blog/why-texas-has-no-income-tax,https://revenue.illinois.gov/,07 Jul 2026 (13:50 UTC)
https://thetaxcalc.com/blog/why-texas-has-no-income-tax,https://taxfoundation.org/,07 Jul 2026 (13:50 UTC)
https://thetaxcalc.com/blog/why-texas-has-no-income-tax,https://www.tax.ny.gov/,07 Jul 2026 (13:50 UTC)
https://thetaxcalc.com/blog/why-texas-has-no-income-tax,https://www.irs.gov/,07 Jul 2026 (13:50 UTC)
https://thetaxcalc.com/blog/why-texas-has-no-income-tax,https://floridarevenue.com/,07 Jul 2026 (13:50 UTC)
https://thetaxcalc.com/blog/why-texas-has-no-income-tax,https://comptroller.texas.gov/,07 Jul 2026 (13:50 UTC)
https://thetaxcalc.com/blog/why-texas-has-no-income-tax,https://www.ftb.ca.gov/forms,07 Jul 2026 (13:50 UTC)
https://thetaxcalc.com/bonus-tax-calculator,https://www.tax.ny.gov/,07 Jul 2026 (13:50 UTC)
https://thetaxcalc.com/bonus-tax-calculator,https://www.irs.gov/,07 Jul 2026 (13:50 UTC)
https://thetaxcalc.com/bonus-tax-calculator,https://floridarevenue.com/,07 Jul 2026 (13:50 UTC)
https://thetaxcalc.com/bonus-tax-calculator,https://revenue.illinois.gov/,07 Jul 2026 (13:50 UTC)
https://thetaxcalc.com/bonus-tax-calculator,https://taxfoundation.org/,07 Jul 2026 (13:50 UTC)
https://thetaxcalc.com/bonus-tax-calculator,https://www.ftb.ca.gov/forms,07 Jul 2026 (13:50 UTC)
https://thetaxcalc.com/bonus-tax-calculator,https://comptroller.texas.gov/,07 Jul 2026 (13:50 UTC)
https://thetaxcalc.com/california-tax-calculator,https://comptroller.texas.gov/,07 Jul 2026 (13:50 UTC)
https://thetaxcalc.com/california-tax-calculator,https://floridarevenue.com/,07 Jul 2026 (13:50 UTC)
https://thetaxcalc.com/california-tax-calculator,https://www.irs.gov/,07 Jul 2026 (13:50 UTC)
https://thetaxcalc.com/california-tax-calculator,https://www.ftb.ca.gov/forms,07 Jul 2026 (13:50 UTC)
https://thetaxcalc.com/california-tax-calculator,https://www.tax.ny.gov/,07 Jul 2026 (13:50 UTC)
https://thetaxcalc.com/california-tax-calculator,https://taxfoundation.org/,07 Jul 2026 (13:50 UTC)
https://thetaxcalc.com/california-tax-calculator,https://revenue.illinois.gov/,07 Jul 2026 (13:50 UTC)
https://thetaxcalc.com/capital-gains-calculator,https://taxfoundation.org/,07 Jul 2026 (13:50 UTC)
https://thetaxcalc.com/capital-gains-calculator,https://www.ftb.ca.gov/forms,07 Jul 2026 (13:50 UTC)
https://thetaxcalc.com/capital-gains-calculator,https://revenue.illinois.gov/,07 Jul 2026 (13:50 UTC)
https://thetaxcalc.com/capital-gains-calculator,https://www.irs.gov/taxtopics/tc409,07 Jul 2026 (13:50 UTC)
https://thetaxcalc.com/capital-gains-calculator,https://www.tax.ny.gov/,07 Jul 2026 (13:50 UTC)
https://thetaxcalc.com/capital-gains-calculator,https://www.irs.gov/,07 Jul 2026 (13:50 UTC)
https://thetaxcalc.com/capital-gains-calculator,https://floridarevenue.com/,07 Jul 2026 (13:50 UTC)
https://thetaxcalc.com/capital-gains-calculator,https://comptroller.texas.gov/,07 Jul 2026 (13:50 UTC)
https://thetaxcalc.com/chicago-tax-calculator,https://floridarevenue.com/,07 Jul 2026 (13:50 UTC)
https://thetaxcalc.com/chicago-tax-calculator,https://comptroller.texas.gov/,07 Jul 2026 (13:50 UTC)
https://thetaxcalc.com/chicago-tax-calculator,https://www.tax.ny.gov/,07 Jul 2026 (13:50 UTC)
https://thetaxcalc.com/chicago-tax-calculator,https://taxfoundation.org/,07 Jul 2026 (13:50 UTC)
https://thetaxcalc.com/chicago-tax-calculator,https://revenue.illinois.gov/,07 Jul 2026 (13:50 UTC)
https://thetaxcalc.com/chicago-tax-calculator,https://www.irs.gov/,07 Jul 2026 (13:50 UTC)
https://thetaxcalc.com/chicago-tax-calculator,https://www.ftb.ca.gov/forms,07 Jul 2026 (13:50 UTC)
https://thetaxcalc.com/compare/florida-vs-california,https://comptroller.texas.gov/,07 Jul 2026 (13:50 UTC)
https://thetaxcalc.com/compare/florida-vs-california,https://floridarevenue.com/,07 Jul 2026 (13:50 UTC)
https://thetaxcalc.com/compare/florida-vs-california,https://www.irs.gov/,07 Jul 2026 (13:50 UTC)
https://thetaxcalc.com/compare/florida-vs-california,https://www.tax.ny.gov/,07 Jul 2026 (13:50 UTC)
https://thetaxcalc.com/compare/florida-vs-california,https://taxfoundation.org/,07 Jul 2026 (13:50 UTC)
https://thetaxcalc.com/compare/florida-vs-california,https://revenue.illinois.gov/,07 Jul 2026 (13:50 UTC)
https://thetaxcalc.com/compare/florida-vs-california,https://www.ftb.ca.gov/forms,07 Jul 2026 (13:50 UTC)
https://thetaxcalc.com/compare/florida-vs-new-york,https://revenue.illinois.gov/,07 Jul 2026 (13:50 UTC)
https://thetaxcalc.com/compare/florida-vs-new-york,https://comptroller.texas.gov/,07 Jul 2026 (13:50 UTC)
https://thetaxcalc.com/compare/florida-vs-new-york,https://floridarevenue.com/,07 Jul 2026 (13:50 UTC)
https://thetaxcalc.com/compare/florida-vs-new-york,https://www.irs.gov/,07 Jul 2026 (13:50 UTC)
https://thetaxcalc.com/compare/florida-vs-new-york,https://www.tax.ny.gov/,07 Jul 2026 (13:50 UTC)
https://thetaxcalc.com/compare/florida-vs-new-york,https://taxfoundation.org/,07 Jul 2026 (13:50 UTC)
https://thetaxcalc.com/compare/florida-vs-new-york,https://www.ftb.ca.gov/forms,07 Jul 2026 (13:50 UTC)
https://thetaxcalc.com/compare/illinois-vs-california,https://www.ftb.ca.gov/forms,07 Jul 2026 (13:50 UTC)
https://thetaxcalc.com/compare/illinois-vs-california,https://revenue.illinois.gov/,07 Jul 2026 (13:50 UTC)
https://thetaxcalc.com/compare/illinois-vs-california,https://taxfoundation.org/,07 Jul 2026 (13:50 UTC)
https://thetaxcalc.com/compare/illinois-vs-california,https://www.tax.ny.gov/,07 Jul 2026 (13:50 UTC)
https://thetaxcalc.com/compare/illinois-vs-california,https://www.irs.gov/,07 Jul 2026 (13:50 UTC)
https://thetaxcalc.com/compare/illinois-vs-california,https://floridarevenue.com/,07 Jul 2026 (13:50 UTC)
https://thetaxcalc.com/compare/illinois-vs-california,https://comptroller.texas.gov/,07 Jul 2026 (13:50 UTC)
https://thetaxcalc.com/compare/illinois-vs-florida,https://revenue.illinois.gov/,07 Jul 2026 (13:50 UTC)
https://thetaxcalc.com/compare/illinois-vs-florida,https://comptroller.texas.gov/,07 Jul 2026 (13:50 UTC)
https://thetaxcalc.com/compare/illinois-vs-florida,https://floridarevenue.com/,07 Jul 2026 (13:50 UTC)
https://thetaxcalc.com/compare/illinois-vs-florida,https://www.irs.gov/,07 Jul 2026 (13:50 UTC)
https://thetaxcalc.com/compare/illinois-vs-florida,https://www.tax.ny.gov/,07 Jul 2026 (13:50 UTC)
https://thetaxcalc.com/compare/illinois-vs-florida,https://taxfoundation.org/,07 Jul 2026 (13:50 UTC)
https://thetaxcalc.com/compare/illinois-vs-florida,https://www.ftb.ca.gov/forms,07 Jul 2026 (13:50 UTC)
https://thetaxcalc.com/compare/illinois-vs-texas,https://comptroller.texas.gov/,07 Jul 2026 (13:50 UTC)
https://thetaxcalc.com/compare/illinois-vs-texas,https://floridarevenue.com/,07 Jul 2026 (13:50 UTC)
https://thetaxcalc.com/compare/illinois-vs-texas,https://www.irs.gov/,07 Jul 2026 (13:50 UTC)
https://thetaxcalc.com/compare/illinois-vs-texas,https://www.tax.ny.gov/,07 Jul 2026 (13:50 UTC)
https://thetaxcalc.com/compare/illinois-vs-texas,https://taxfoundation.org/,07 Jul 2026 (13:50 UTC)
https://thetaxcalc.com/compare/illinois-vs-texas,https://revenue.illinois.gov/,07 Jul 2026 (13:50 UTC)
https://thetaxcalc.com/compare/illinois-vs-texas,https://www.ftb.ca.gov/forms,07 Jul 2026 (13:50 UTC)
https://thetaxcalc.com/delaware-tax-calculator,https://www.tax.ny.gov/,07 Jul 2026 (13:50 UTC)
https://thetaxcalc.com/delaware-tax-calculator,https://floridarevenue.com/,07 Jul 2026 (13:50 UTC)
https://thetaxcalc.com/delaware-tax-calculator,https://www.ftb.ca.gov/forms,07 Jul 2026 (13:50 UTC)
https://thetaxcalc.com/delaware-tax-calculator,https://revenue.illinois.gov/,07 Jul 2026 (13:50 UTC)
https://thetaxcalc.com/delaware-tax-calculator,https://taxfoundation.org/,07 Jul 2026 (13:50 UTC)
https://thetaxcalc.com/delaware-tax-calculator,https://www.irs.gov/,07 Jul 2026 (13:50 UTC)
https://thetaxcalc.com/delaware-tax-calculator,https://comptroller.texas.gov/,07 Jul 2026 (13:50 UTC)
https://thetaxcalc.com/employee-cost-calculator,https://www.ftb.ca.gov/forms,07 Jul 2026 (13:50 UTC)
https://thetaxcalc.com/employee-cost-calculator,https://revenue.illinois.gov/,07 Jul 2026 (13:50 UTC)
https://thetaxcalc.com/employee-cost-calculator,https://taxfoundation.org/,07 Jul 2026 (13:50 UTC)
https://thetaxcalc.com/employee-cost-calculator,https://www.tax.ny.gov/,07 Jul 2026 (13:50 UTC)
https://thetaxcalc.com/employee-cost-calculator,https://www.irs.gov/,07 Jul 2026 (13:50 UTC)
https://thetaxcalc.com/employee-cost-calculator,https://floridarevenue.com/,07 Jul 2026 (13:50 UTC)
https://thetaxcalc.com/employee-cost-calculator,https://comptroller.texas.gov/,07 Jul 2026 (13:50 UTC)
https://thetaxcalc.com/florida-tax-calculator,https://www.irs.gov/,07 Jul 2026 (13:50 UTC)
https://thetaxcalc.com/florida-tax-calculator,https://comptroller.texas.gov/,07 Jul 2026 (13:50 UTC)
https://thetaxcalc.com/florida-tax-calculator,https://floridarevenue.com/,07 Jul 2026 (13:50 UTC)
https://thetaxcalc.com/florida-tax-calculator,https://www.tax.ny.gov/,07 Jul 2026 (13:50 UTC)
https://thetaxcalc.com/florida-tax-calculator,https://taxfoundation.org/,07 Jul 2026 (13:50 UTC)
https://thetaxcalc.com/florida-tax-calculator,https://revenue.illinois.gov/,07 Jul 2026 (13:50 UTC)
https://thetaxcalc.com/florida-tax-calculator,https://www.ftb.ca.gov/forms,07 Jul 2026 (13:50 UTC)
https://thetaxcalc.com/hawaii-tax-calculator,https://www.ftb.ca.gov/forms,07 Jul 2026 (13:50 UTC)
https://thetaxcalc.com/hawaii-tax-calculator,https://comptroller.texas.gov/,07 Jul 2026 (13:50 UTC)
https://thetaxcalc.com/hawaii-tax-calculator,https://floridarevenue.com/,07 Jul 2026 (13:50 UTC)
https://thetaxcalc.com/hawaii-tax-calculator,https://www.irs.gov/,07 Jul 2026 (13:50 UTC)
https://thetaxcalc.com/hawaii-tax-calculator,https://www.tax.ny.gov/,07 Jul 2026 (13:50 UTC)
https://thetaxcalc.com/hawaii-tax-calculator,https://taxfoundation.org/,07 Jul 2026 (13:50 UTC)
https://thetaxcalc.com/hawaii-tax-calculator,https://revenue.illinois.gov/,07 Jul 2026 (13:50 UTC)
https://thetaxcalc.com/idaho-tax-calculator,https://comptroller.texas.gov/,07 Jul 2026 (13:50 UTC)
https://thetaxcalc.com/idaho-tax-calculator,https://floridarevenue.com/,07 Jul 2026 (13:50 UTC)
https://thetaxcalc.com/idaho-tax-calculator,https://www.irs.gov/,07 Jul 2026 (13:50 UTC)
https://thetaxcalc.com/idaho-tax-calculator,https://www.tax.ny.gov/,07 Jul 2026 (13:50 UTC)
https://thetaxcalc.com/idaho-tax-calculator,https://taxfoundation.org/,07 Jul 2026 (13:50 UTC)
https://thetaxcalc.com/idaho-tax-calculator,https://revenue.illinois.gov/,07 Jul 2026 (13:50 UTC)
https://thetaxcalc.com/idaho-tax-calculator,https://www.ftb.ca.gov/forms,07 Jul 2026 (13:50 UTC)
https://thetaxcalc.com/indiana-tax-calculator,https://taxfoundation.org/,07 Jul 2026 (13:50 UTC)
https://thetaxcalc.com/indiana-tax-calculator,https://www.irs.gov/,07 Jul 2026 (13:50 UTC)
https://thetaxcalc.com/indiana-tax-calculator,https://floridarevenue.com/,07 Jul 2026 (13:50 UTC)
https://thetaxcalc.com/indiana-tax-calculator,https://www.ftb.ca.gov/forms,07 Jul 2026 (13:50 UTC)
https://thetaxcalc.com/indiana-tax-calculator,https://www.tax.ny.gov/,07 Jul 2026 (13:50 UTC)
https://thetaxcalc.com/indiana-tax-calculator,https://comptroller.texas.gov/,07 Jul 2026 (13:50 UTC)
https://thetaxcalc.com/indiana-tax-calculator,https://revenue.illinois.gov/,07 Jul 2026 (13:50 UTC)
https://thetaxcalc.com/job-offer-comparison-calculator,https://revenue.illinois.gov/,07 Jul 2026 (13:50 UTC)
https://thetaxcalc.com/job-offer-comparison-calculator,https://www.ftb.ca.gov/forms,07 Jul 2026 (13:50 UTC)
https://thetaxcalc.com/job-offer-comparison-calculator,https://taxfoundation.org/,07 Jul 2026 (13:50 UTC)
https://thetaxcalc.com/job-offer-comparison-calculator,https://www.tax.ny.gov/,07 Jul 2026 (13:50 UTC)
https://thetaxcalc.com/job-offer-comparison-calculator,https://www.irs.gov/,07 Jul 2026 (13:50 UTC)
https://thetaxcalc.com/job-offer-comparison-calculator,https://floridarevenue.com/,07 Jul 2026 (13:50 UTC)
https://thetaxcalc.com/job-offer-comparison-calculator,https://comptroller.texas.gov/,07 Jul 2026 (13:50 UTC)
https://thetaxcalc.com/kansas-tax-calculator,https://www.ftb.ca.gov/forms,07 Jul 2026 (13:50 UTC)
https://thetaxcalc.com/kansas-tax-calculator,https://revenue.illinois.gov/,07 Jul 2026 (13:50 UTC)
https://thetaxcalc.com/kansas-tax-calculator,https://taxfoundation.org/,07 Jul 2026 (13:50 UTC)
https://thetaxcalc.com/kansas-tax-calculator,https://www.tax.ny.gov/,07 Jul 2026 (13:50 UTC)
https://thetaxcalc.com/kansas-tax-calculator,https://www.irs.gov/,07 Jul 2026 (13:50 UTC)
https://thetaxcalc.com/kansas-tax-calculator,https://floridarevenue.com/,07 Jul 2026 (13:50 UTC)
https://thetaxcalc.com/kansas-tax-calculator,https://comptroller.texas.gov/,07 Jul 2026 (13:50 UTC)
https://thetaxcalc.com/kentucky-tax-calculator,https://taxfoundation.org/,07 Jul 2026 (13:50 UTC)
https://thetaxcalc.com/kentucky-tax-calculator,https://www.ftb.ca.gov/forms,07 Jul 2026 (13:50 UTC)
https://thetaxcalc.com/kentucky-tax-calculator,https://revenue.illinois.gov/,07 Jul 2026 (13:50 UTC)
https://thetaxcalc.com/kentucky-tax-calculator,https://www.tax.ny.gov/,07 Jul 2026 (13:50 UTC)
https://thetaxcalc.com/kentucky-tax-calculator,https://www.irs.gov/,07 Jul 2026 (13:50 UTC)
https://thetaxcalc.com/kentucky-tax-calculator,https://floridarevenue.com/,07 Jul 2026 (13:50 UTC)
https://thetaxcalc.com/kentucky-tax-calculator,https://comptroller.texas.gov/,07 Jul 2026 (13:50 UTC)
https://thetaxcalc.com/los-angeles-tax-calculator,https://floridarevenue.com/,07 Jul 2026 (13:50 UTC)
https://thetaxcalc.com/los-angeles-tax-calculator,https://www.irs.gov/,07 Jul 2026 (13:50 UTC)
https://thetaxcalc.com/los-angeles-tax-calculator,https://www.tax.ny.gov/,07 Jul 2026 (13:50 UTC)
https://thetaxcalc.com/los-angeles-tax-calculator,https://taxfoundation.org/,07 Jul 2026 (13:50 UTC)
https://thetaxcalc.com/los-angeles-tax-calculator,https://revenue.illinois.gov/,07 Jul 2026 (13:50 UTC)
https://thetaxcalc.com/los-angeles-tax-calculator,https://www.ftb.ca.gov/forms,07 Jul 2026 (13:50 UTC)
https://thetaxcalc.com/los-angeles-tax-calculator,https://comptroller.texas.gov/,07 Jul 2026 (13:50 UTC)
https://thetaxcalc.com/maine-tax-calculator,https://comptroller.texas.gov/,07 Jul 2026 (13:50 UTC)
https://thetaxcalc.com/maine-tax-calculator,https://floridarevenue.com/,07 Jul 2026 (13:50 UTC)
https://thetaxcalc.com/maine-tax-calculator,https://www.irs.gov/,07 Jul 2026 (13:50 UTC)
https://thetaxcalc.com/maine-tax-calculator,https://www.tax.ny.gov/,07 Jul 2026 (13:50 UTC)
https://thetaxcalc.com/maine-tax-calculator,https://taxfoundation.org/,07 Jul 2026 (13:50 UTC)
https://thetaxcalc.com/maine-tax-calculator,https://revenue.illinois.gov/,07 Jul 2026 (13:50 UTC)
https://thetaxcalc.com/maine-tax-calculator,https://www.ftb.ca.gov/forms,07 Jul 2026 (13:50 UTC)
https://thetaxcalc.com/maryland-tax-calculator,https://www.irs.gov/,07 Jul 2026 (13:50 UTC)
https://thetaxcalc.com/maryland-tax-calculator,https://www.ftb.ca.gov/forms,07 Jul 2026 (13:50 UTC)
https://thetaxcalc.com/maryland-tax-calculator,https://revenue.illinois.gov/,07 Jul 2026 (13:50 UTC)
https://thetaxcalc.com/maryland-tax-calculator,https://comptroller.texas.gov/,07 Jul 2026 (13:50 UTC)
https://thetaxcalc.com/maryland-tax-calculator,https://floridarevenue.com/,07 Jul 2026 (13:50 UTC)
https://thetaxcalc.com/maryland-tax-calculator,https://www.tax.ny.gov/,07 Jul 2026 (13:50 UTC)
https://thetaxcalc.com/maryland-tax-calculator,https://taxfoundation.org/,07 Jul 2026 (13:50 UTC)
https://thetaxcalc.com/massachusetts-tax-calculator,https://comptroller.texas.gov/,07 Jul 2026 (13:50 UTC)
https://thetaxcalc.com/massachusetts-tax-calculator,https://www.irs.gov/,07 Jul 2026 (13:50 UTC)
https://thetaxcalc.com/massachusetts-tax-calculator,https://www.tax.ny.gov/,07 Jul 2026 (13:50 UTC)
https://thetaxcalc.com/massachusetts-tax-calculator,https://taxfoundation.org/,07 Jul 2026 (13:50 UTC)
https://thetaxcalc.com/massachusetts-tax-calculator,https://revenue.illinois.gov/,07 Jul 2026 (13:50 UTC)
https://thetaxcalc.com/massachusetts-tax-calculator,https://www.ftb.ca.gov/forms,07 Jul 2026 (13:50 UTC)
https://thetaxcalc.com/massachusetts-tax-calculator,https://floridarevenue.com/,07 Jul 2026 (13:50 UTC)
https://thetaxcalc.com/missouri-tax-calculator,https://comptroller.texas.gov/,07 Jul 2026 (13:50 UTC)
https://thetaxcalc.com/missouri-tax-calculator,https://revenue.illinois.gov/,07 Jul 2026 (13:50 UTC)
https://thetaxcalc.com/missouri-tax-calculator,https://taxfoundation.org/,07 Jul 2026 (13:50 UTC)
https://thetaxcalc.com/missouri-tax-calculator,https://floridarevenue.com/,07 Jul 2026 (13:50 UTC)
https://thetaxcalc.com/missouri-tax-calculator,https://www.irs.gov/,07 Jul 2026 (13:50 UTC)
https://thetaxcalc.com/missouri-tax-calculator,https://www.tax.ny.gov/,07 Jul 2026 (13:50 UTC)
https://thetaxcalc.com/missouri-tax-calculator,https://www.ftb.ca.gov/forms,07 Jul 2026 (13:50 UTC)
https://thetaxcalc.com/montana-tax-calculator,https://revenue.illinois.gov/,07 Jul 2026 (13:50 UTC)
https://thetaxcalc.com/montana-tax-calculator,https://www.ftb.ca.gov/forms,07 Jul 2026 (13:50 UTC)
https://thetaxcalc.com/montana-tax-calculator,https://taxfoundation.org/,07 Jul 2026 (13:50 UTC)
https://thetaxcalc.com/montana-tax-calculator,https://www.tax.ny.gov/,07 Jul 2026 (13:50 UTC)
https://thetaxcalc.com/montana-tax-calculator,https://www.irs.gov/,07 Jul 2026 (13:50 UTC)
https://thetaxcalc.com/montana-tax-calculator,https://floridarevenue.com/,07 Jul 2026 (13:50 UTC)
https://thetaxcalc.com/montana-tax-calculator,https://comptroller.texas.gov/,07 Jul 2026 (13:50 UTC)
https://thetaxcalc.com/nevada-tax-calculator,https://www.ftb.ca.gov/forms,07 Jul 2026 (13:50 UTC)
https://thetaxcalc.com/nevada-tax-calculator,https://revenue.illinois.gov/,07 Jul 2026 (13:50 UTC)
https://thetaxcalc.com/nevada-tax-calculator,https://taxfoundation.org/,07 Jul 2026 (13:50 UTC)
https://thetaxcalc.com/nevada-tax-calculator,https://www.tax.ny.gov/,07 Jul 2026 (13:50 UTC)
https://thetaxcalc.com/nevada-tax-calculator,https://floridarevenue.com/,07 Jul 2026 (13:50 UTC)
https://thetaxcalc.com/nevada-tax-calculator,https://comptroller.texas.gov/,07 Jul 2026 (13:50 UTC)
https://thetaxcalc.com/nevada-tax-calculator,https://www.irs.gov/,07 Jul 2026 (13:50 UTC)
https://thetaxcalc.com/new-hampshire-tax-calculator,https://www.ftb.ca.gov/forms,07 Jul 2026 (13:50 UTC)
https://thetaxcalc.com/new-hampshire-tax-calculator,https://revenue.illinois.gov/,07 Jul 2026 (13:50 UTC)
https://thetaxcalc.com/new-hampshire-tax-calculator,https://taxfoundation.org/,07 Jul 2026 (13:50 UTC)
https://thetaxcalc.com/new-hampshire-tax-calculator,https://www.tax.ny.gov/,07 Jul 2026 (13:50 UTC)
https://thetaxcalc.com/new-hampshire-tax-calculator,https://www.irs.gov/,07 Jul 2026 (13:50 UTC)
https://thetaxcalc.com/new-hampshire-tax-calculator,https://floridarevenue.com/,07 Jul 2026 (13:50 UTC)
https://thetaxcalc.com/new-hampshire-tax-calculator,https://comptroller.texas.gov/,07 Jul 2026 (13:50 UTC)
https://thetaxcalc.com/new-jersey-tax-calculator,https://revenue.illinois.gov/,07 Jul 2026 (13:50 UTC)
https://thetaxcalc.com/new-jersey-tax-calculator,https://taxfoundation.org/,07 Jul 2026 (13:50 UTC)
https://thetaxcalc.com/new-jersey-tax-calculator,https://www.tax.ny.gov/,07 Jul 2026 (13:50 UTC)
https://thetaxcalc.com/new-jersey-tax-calculator,https://www.irs.gov/,07 Jul 2026 (13:50 UTC)
https://thetaxcalc.com/new-jersey-tax-calculator,https://floridarevenue.com/,07 Jul 2026 (13:50 UTC)
https://thetaxcalc.com/new-jersey-tax-calculator,https://comptroller.texas.gov/,07 Jul 2026 (13:50 UTC)
https://thetaxcalc.com/new-jersey-tax-calculator,https://www.ftb.ca.gov/forms,07 Jul 2026 (13:50 UTC)
https://thetaxcalc.com/new-mexico-tax-calculator,https://www.ftb.ca.gov/forms,07 Jul 2026 (13:50 UTC)
https://thetaxcalc.com/new-mexico-tax-calculator,https://revenue.illinois.gov/,07 Jul 2026 (13:50 UTC)
https://thetaxcalc.com/new-mexico-tax-calculator,https://taxfoundation.org/,07 Jul 2026 (13:50 UTC)
https://thetaxcalc.com/new-mexico-tax-calculator,https://www.tax.ny.gov/,07 Jul 2026 (13:50 UTC)
https://thetaxcalc.com/new-mexico-tax-calculator,https://www.irs.gov/,07 Jul 2026 (13:50 UTC)
https://thetaxcalc.com/new-mexico-tax-calculator,https://floridarevenue.com/,07 Jul 2026 (13:50 UTC)
https://thetaxcalc.com/new-mexico-tax-calculator,https://comptroller.texas.gov/,07 Jul 2026 (13:50 UTC)
https://thetaxcalc.com/new-york-city-tax-calculator,https://floridarevenue.com/,07 Jul 2026 (13:50 UTC)
https://thetaxcalc.com/new-york-city-tax-calculator,https://comptroller.texas.gov/,07 Jul 2026 (13:50 UTC)
https://thetaxcalc.com/new-york-city-tax-calculator,https://www.irs.gov/,07 Jul 2026 (13:50 UTC)
https://thetaxcalc.com/new-york-city-tax-calculator,https://www.tax.ny.gov/,07 Jul 2026 (13:50 UTC)
https://thetaxcalc.com/new-york-city-tax-calculator,https://revenue.illinois.gov/,07 Jul 2026 (13:50 UTC)
https://thetaxcalc.com/new-york-city-tax-calculator,https://www.ftb.ca.gov/forms,07 Jul 2026 (13:50 UTC)
https://thetaxcalc.com/new-york-city-tax-calculator,https://taxfoundation.org/,07 Jul 2026 (13:50 UTC)
https://thetaxcalc.com/new-york-tax-calculator,https://www.ftb.ca.gov/forms,07 Jul 2026 (13:50 UTC)
https://thetaxcalc.com/new-york-tax-calculator,https://revenue.illinois.gov/,07 Jul 2026 (13:50 UTC)
https://thetaxcalc.com/new-york-tax-calculator,https://taxfoundation.org/,07 Jul 2026 (13:50 UTC)
https://thetaxcalc.com/new-york-tax-calculator,https://www.tax.ny.gov/,07 Jul 2026 (13:50 UTC)
https://thetaxcalc.com/new-york-tax-calculator,https://www.irs.gov/,07 Jul 2026 (13:50 UTC)
https://thetaxcalc.com/new-york-tax-calculator,https://floridarevenue.com/,07 Jul 2026 (13:50 UTC)
https://thetaxcalc.com/new-york-tax-calculator,https://comptroller.texas.gov/,07 Jul 2026 (13:50 UTC)
https://thetaxcalc.com/north-carolina-tax-calculator,https://revenue.illinois.gov/,07 Jul 2026 (13:50 UTC)
https://thetaxcalc.com/north-carolina-tax-calculator,https://www.ftb.ca.gov/forms,07 Jul 2026 (13:50 UTC)
https://thetaxcalc.com/north-carolina-tax-calculator,https://taxfoundation.org/,07 Jul 2026 (13:50 UTC)
https://thetaxcalc.com/north-carolina-tax-calculator,https://www.tax.ny.gov/,07 Jul 2026 (13:50 UTC)
https://thetaxcalc.com/north-carolina-tax-calculator,https://www.irs.gov/,07 Jul 2026 (13:50 UTC)
https://thetaxcalc.com/north-carolina-tax-calculator,https://floridarevenue.com/,07 Jul 2026 (13:50 UTC)
https://thetaxcalc.com/north-carolina-tax-calculator,https://comptroller.texas.gov/,07 Jul 2026 (13:50 UTC)
https://thetaxcalc.com/obbba-tax-calculator,https://comptroller.texas.gov/,07 Jul 2026 (13:50 UTC)
https://thetaxcalc.com/obbba-tax-calculator,https://taxfoundation.org/,07 Jul 2026 (13:50 UTC)
https://thetaxcalc.com/obbba-tax-calculator,https://floridarevenue.com/,07 Jul 2026 (13:50 UTC)
https://thetaxcalc.com/obbba-tax-calculator,https://www.irs.gov/,07 Jul 2026 (13:50 UTC)
https://thetaxcalc.com/obbba-tax-calculator,https://www.ftb.ca.gov/forms,07 Jul 2026 (13:50 UTC)
https://thetaxcalc.com/obbba-tax-calculator,https://revenue.illinois.gov/,07 Jul 2026 (13:50 UTC)
https://thetaxcalc.com/obbba-tax-calculator,https://www.tax.ny.gov/,07 Jul 2026 (13:50 UTC)
https://thetaxcalc.com/ohio-tax-calculator,https://www.irs.gov/,07 Jul 2026 (13:50 UTC)
https://thetaxcalc.com/ohio-tax-calculator,https://comptroller.texas.gov/,07 Jul 2026 (13:50 UTC)
https://thetaxcalc.com/ohio-tax-calculator,https://www.ftb.ca.gov/forms,07 Jul 2026 (13:50 UTC)
https://thetaxcalc.com/ohio-tax-calculator,https://revenue.illinois.gov/,07 Jul 2026 (13:50 UTC)
https://thetaxcalc.com/ohio-tax-calculator,https://taxfoundation.org/,07 Jul 2026 (13:50 UTC)
https://thetaxcalc.com/ohio-tax-calculator,https://www.tax.ny.gov/,07 Jul 2026 (13:50 UTC)
https://thetaxcalc.com/ohio-tax-calculator,https://floridarevenue.com/,07 Jul 2026 (13:50 UTC)
https://thetaxcalc.com/oklahoma-tax-calculator,https://taxfoundation.org/,07 Jul 2026 (13:50 UTC)
https://thetaxcalc.com/oklahoma-tax-calculator,https://www.tax.ny.gov/,07 Jul 2026 (13:50 UTC)
https://thetaxcalc.com/oklahoma-tax-calculator,https://www.irs.gov/,07 Jul 2026 (13:50 UTC)
https://thetaxcalc.com/oklahoma-tax-calculator,https://floridarevenue.com/,07 Jul 2026 (13:50 UTC)
https://thetaxcalc.com/oklahoma-tax-calculator,https://comptroller.texas.gov/,07 Jul 2026 (13:50 UTC)
https://thetaxcalc.com/oklahoma-tax-calculator,https://revenue.illinois.gov/,07 Jul 2026 (13:50 UTC)
https://thetaxcalc.com/oklahoma-tax-calculator,https://www.ftb.ca.gov/forms,07 Jul 2026 (13:50 UTC)
https://thetaxcalc.com/oregon-tax-calculator,https://www.ftb.ca.gov/forms,07 Jul 2026 (13:50 UTC)
https://thetaxcalc.com/oregon-tax-calculator,https://revenue.illinois.gov/,07 Jul 2026 (13:50 UTC)
https://thetaxcalc.com/oregon-tax-calculator,https://taxfoundation.org/,07 Jul 2026 (13:50 UTC)
https://thetaxcalc.com/oregon-tax-calculator,https://www.tax.ny.gov/,07 Jul 2026 (13:50 UTC)
https://thetaxcalc.com/oregon-tax-calculator,https://www.irs.gov/,07 Jul 2026 (13:50 UTC)
https://thetaxcalc.com/oregon-tax-calculator,https://floridarevenue.com/,07 Jul 2026 (13:50 UTC)
https://thetaxcalc.com/oregon-tax-calculator,https://comptroller.texas.gov/,07 Jul 2026 (13:50 UTC)
https://thetaxcalc.com/paycheck-difference-calculator,https://www.tax.ny.gov/,07 Jul 2026 (13:50 UTC)
https://thetaxcalc.com/paycheck-difference-calculator,https://comptroller.texas.gov/,07 Jul 2026 (13:50 UTC)
https://thetaxcalc.com/paycheck-difference-calculator,https://floridarevenue.com/,07 Jul 2026 (13:50 UTC)
https://thetaxcalc.com/paycheck-difference-calculator,https://www.irs.gov/,07 Jul 2026 (13:50 UTC)
https://thetaxcalc.com/paycheck-difference-calculator,https://taxfoundation.org/,07 Jul 2026 (13:50 UTC)
https://thetaxcalc.com/paycheck-difference-calculator,https://revenue.illinois.gov/,07 Jul 2026 (13:50 UTC)
https://thetaxcalc.com/paycheck-difference-calculator,https://www.ftb.ca.gov/forms,07 Jul 2026 (13:50 UTC)
https://thetaxcalc.com/pennsylvania-tax-calculator,https://floridarevenue.com/,07 Jul 2026 (13:50 UTC)
https://thetaxcalc.com/pennsylvania-tax-calculator,https://www.ftb.ca.gov/forms,07 Jul 2026 (13:50 UTC)
https://thetaxcalc.com/pennsylvania-tax-calculator,https://revenue.illinois.gov/,07 Jul 2026 (13:50 UTC)
https://thetaxcalc.com/pennsylvania-tax-calculator,https://taxfoundation.org/,07 Jul 2026 (13:50 UTC)
https://thetaxcalc.com/pennsylvania-tax-calculator,https://www.tax.ny.gov/,07 Jul 2026 (13:50 UTC)
https://thetaxcalc.com/pennsylvania-tax-calculator,https://www.irs.gov/,07 Jul 2026 (13:50 UTC)
https://thetaxcalc.com/pennsylvania-tax-calculator,https://comptroller.texas.gov/,07 Jul 2026 (13:50 UTC)
https://thetaxcalc.com/privacy,https://taxfoundation.org/,07 Jul 2026 (13:50 UTC)
https://thetaxcalc.com/privacy,https://www.tax.ny.gov/,07 Jul 2026 (13:50 UTC)
https://thetaxcalc.com/privacy,https://www.irs.gov/,07 Jul 2026 (13:50 UTC)
https://thetaxcalc.com/privacy,https://floridarevenue.com/,07 Jul 2026 (13:50 UTC)
https://thetaxcalc.com/privacy,https://policies.google.com/privacy,07 Jul 2026 (13:50 UTC)
https://thetaxcalc.com/privacy,https://comptroller.texas.gov/,07 Jul 2026 (13:50 UTC)
https://thetaxcalc.com/privacy,https://revenue.illinois.gov/,07 Jul 2026 (13:50 UTC)
https://thetaxcalc.com/privacy,https://www.ftb.ca.gov/forms,07 Jul 2026 (13:50 UTC)
https://thetaxcalc.com/rhode-island-tax-calculator,https://comptroller.texas.gov/,07 Jul 2026 (13:50 UTC)
https://thetaxcalc.com/rhode-island-tax-calculator,https://floridarevenue.com/,07 Jul 2026 (13:50 UTC)
https://thetaxcalc.com/rhode-island-tax-calculator,https://www.irs.gov/,07 Jul 2026 (13:50 UTC)
https://thetaxcalc.com/rhode-island-tax-calculator,https://www.tax.ny.gov/,07 Jul 2026 (13:50 UTC)
https://thetaxcalc.com/rhode-island-tax-calculator,https://taxfoundation.org/,07 Jul 2026 (13:50 UTC)
https://thetaxcalc.com/rhode-island-tax-calculator,https://revenue.illinois.gov/,07 Jul 2026 (13:50 UTC)
https://thetaxcalc.com/rhode-island-tax-calculator,https://www.ftb.ca.gov/forms,07 Jul 2026 (13:50 UTC)
https://thetaxcalc.com/salary,https://www.ftb.ca.gov/forms,07 Jul 2026 (13:50 UTC)
https://thetaxcalc.com/salary,https://revenue.illinois.gov/,07 Jul 2026 (13:50 UTC)
https://thetaxcalc.com/salary,https://taxfoundation.org/,07 Jul 2026 (13:50 UTC)
https://thetaxcalc.com/salary,https://www.tax.ny.gov/,07 Jul 2026 (13:50 UTC)
https://thetaxcalc.com/salary,https://www.irs.gov/,07 Jul 2026 (13:50 UTC)
https://thetaxcalc.com/salary,https://comptroller.texas.gov/,07 Jul 2026 (13:50 UTC)
https://thetaxcalc.com/salary,https://floridarevenue.com/,07 Jul 2026 (13:50 UTC)
https://thetaxcalc.com/salary/100000-after-taxes,https://taxfoundation.org/,07 Jul 2026 (13:50 UTC)
https://thetaxcalc.com/salary/100000-after-taxes,https://www.ftb.ca.gov/forms,07 Jul 2026 (13:50 UTC)
https://thetaxcalc.com/salary/100000-after-taxes,https://comptroller.texas.gov/,07 Jul 2026 (13:50 UTC)
https://thetaxcalc.com/salary/100000-after-taxes,https://floridarevenue.com/,07 Jul 2026 (13:50 UTC)
https://thetaxcalc.com/salary/100000-after-taxes,https://www.irs.gov/,07 Jul 2026 (13:50 UTC)
https://thetaxcalc.com/salary/100000-after-taxes,https://www.tax.ny.gov/,07 Jul 2026 (13:50 UTC)
https://thetaxcalc.com/salary/100000-after-taxes,https://revenue.illinois.gov/,07 Jul 2026 (13:50 UTC)
https://thetaxcalc.com/salary/150000-after-taxes,https://floridarevenue.com/,07 Jul 2026 (13:50 UTC)
https://thetaxcalc.com/salary/150000-after-taxes,https://taxfoundation.org/,07 Jul 2026 (13:50 UTC)
https://thetaxcalc.com/salary/150000-after-taxes,https://revenue.illinois.gov/,07 Jul 2026 (13:50 UTC)
https://thetaxcalc.com/salary/150000-after-taxes,https://www.ftb.ca.gov/forms,07 Jul 2026 (13:50 UTC)
https://thetaxcalc.com/salary/150000-after-taxes,https://www.tax.ny.gov/,07 Jul 2026 (13:50 UTC)
https://thetaxcalc.com/salary/150000-after-taxes,https://www.irs.gov/,07 Jul 2026 (13:50 UTC)
https://thetaxcalc.com/salary/150000-after-taxes,https://comptroller.texas.gov/,07 Jul 2026 (13:50 UTC)
https://thetaxcalc.com/salary/50000-after-taxes,https://revenue.illinois.gov/,07 Jul 2026 (13:50 UTC)
https://thetaxcalc.com/salary/50000-after-taxes,https://taxfoundation.org/,07 Jul 2026 (13:50 UTC)
https://thetaxcalc.com/salary/50000-after-taxes,https://www.irs.gov/,07 Jul 2026 (13:50 UTC)
https://thetaxcalc.com/salary/50000-after-taxes,https://www.tax.ny.gov/,07 Jul 2026 (13:50 UTC)
https://thetaxcalc.com/salary/50000-after-taxes,https://www.ftb.ca.gov/forms,07 Jul 2026 (13:50 UTC)
https://thetaxcalc.com/salary/50000-after-taxes,https://floridarevenue.com/,07 Jul 2026 (13:50 UTC)
https://thetaxcalc.com/salary/50000-after-taxes,https://comptroller.texas.gov/,07 Jul 2026 (13:50 UTC)
https://thetaxcalc.com/salary/75000-after-taxes,https://taxfoundation.org/,07 Jul 2026 (13:50 UTC)
https://thetaxcalc.com/salary/75000-after-taxes,https://www.tax.ny.gov/,07 Jul 2026 (13:50 UTC)
https://thetaxcalc.com/salary/75000-after-taxes,https://www.irs.gov/,07 Jul 2026 (13:50 UTC)
https://thetaxcalc.com/salary/75000-after-taxes,https://floridarevenue.com/,07 Jul 2026 (13:50 UTC)
https://thetaxcalc.com/salary/75000-after-taxes,https://comptroller.texas.gov/,07 Jul 2026 (13:50 UTC)
https://thetaxcalc.com/salary/75000-after-taxes,https://www.ftb.ca.gov/forms,07 Jul 2026 (13:50 UTC)
https://thetaxcalc.com/salary/75000-after-taxes,https://revenue.illinois.gov/,07 Jul 2026 (13:50 UTC)
https://thetaxcalc.com/sales-tax-calculator,https://floridarevenue.com/,07 Jul 2026 (13:50 UTC)
https://thetaxcalc.com/sales-tax-calculator,https://comptroller.texas.gov/,07 Jul 2026 (13:50 UTC)
https://thetaxcalc.com/sales-tax-calculator,https://www.irs.gov/,07 Jul 2026 (13:50 UTC)
https://thetaxcalc.com/sales-tax-calculator,https://www.tax.ny.gov/,07 Jul 2026 (13:50 UTC)
https://thetaxcalc.com/sales-tax-calculator,https://www.oyez.org/cases/2017/17-494,07 Jul 2026 (13:50 UTC)
https://thetaxcalc.com/sales-tax-calculator,https://taxfoundation.org/,07 Jul 2026 (13:50 UTC)
https://thetaxcalc.com/sales-tax-calculator,https://revenue.illinois.gov/,07 Jul 2026 (13:50 UTC)
https://thetaxcalc.com/sales-tax-calculator,https://www.ftb.ca.gov/forms,07 Jul 2026 (13:50 UTC)
https://thetaxcalc.com/scholarship,https://revenue.illinois.gov/,07 Jul 2026 (13:50 UTC)
https://thetaxcalc.com/scholarship,https://taxfoundation.org/,07 Jul 2026 (13:50 UTC)
https://thetaxcalc.com/scholarship,https://www.tax.ny.gov/,07 Jul 2026 (13:50 UTC)
https://thetaxcalc.com/scholarship,https://www.ftb.ca.gov/forms,07 Jul 2026 (13:50 UTC)
https://thetaxcalc.com/scholarship,https://www.irs.gov/,07 Jul 2026 (13:50 UTC)
https://thetaxcalc.com/scholarship,https://floridarevenue.com/,07 Jul 2026 (13:50 UTC)
https://thetaxcalc.com/scholarship,https://comptroller.texas.gov/,07 Jul 2026 (13:50 UTC)
https://thetaxcalc.com/self-employment-tax-calculator,https://taxfoundation.org/,07 Jul 2026 (13:50 UTC)
https://thetaxcalc.com/self-employment-tax-calculator,https://www.irs.gov/taxtopics/tc554,07 Jul 2026 (13:50 UTC)
https://thetaxcalc.com/self-employment-tax-calculator,https://www.tax.ny.gov/,07 Jul 2026 (13:50 UTC)
https://thetaxcalc.com/self-employment-tax-calculator,https://www.irs.gov/,07 Jul 2026 (13:50 UTC)
https://thetaxcalc.com/self-employment-tax-calculator,https://floridarevenue.com/,07 Jul 2026 (13:50 UTC)
https://thetaxcalc.com/self-employment-tax-calculator,https://comptroller.texas.gov/,07 Jul 2026 (13:50 UTC)
https://thetaxcalc.com/self-employment-tax-calculator,https://revenue.illinois.gov/,07 Jul 2026 (13:50 UTC)
https://thetaxcalc.com/self-employment-tax-calculator,https://www.ftb.ca.gov/forms,07 Jul 2026 (13:50 UTC)
https://thetaxcalc.com/smartasset-alternative,https://comptroller.texas.gov/,07 Jul 2026 (13:50 UTC)
https://thetaxcalc.com/smartasset-alternative,https://floridarevenue.com/,07 Jul 2026 (13:50 UTC)
https://thetaxcalc.com/smartasset-alternative,https://www.irs.gov/,07 Jul 2026 (13:50 UTC)
https://thetaxcalc.com/smartasset-alternative,https://www.tax.ny.gov/,07 Jul 2026 (13:50 UTC)
https://thetaxcalc.com/smartasset-alternative,https://taxfoundation.org/,07 Jul 2026 (13:50 UTC)
https://thetaxcalc.com/smartasset-alternative,https://revenue.illinois.gov/,07 Jul 2026 (13:50 UTC)
https://thetaxcalc.com/smartasset-alternative,https://www.ftb.ca.gov/forms,07 Jul 2026 (13:50 UTC)
https://thetaxcalc.com/south-carolina-tax-calculator,https://www.tax.ny.gov/,07 Jul 2026 (13:50 UTC)
https://thetaxcalc.com/south-carolina-tax-calculator,https://comptroller.texas.gov/,07 Jul 2026 (13:50 UTC)
https://thetaxcalc.com/south-carolina-tax-calculator,https://floridarevenue.com/,07 Jul 2026 (13:50 UTC)
https://thetaxcalc.com/south-carolina-tax-calculator,https://www.irs.gov/,07 Jul 2026 (13:50 UTC)
https://thetaxcalc.com/south-carolina-tax-calculator,https://www.ftb.ca.gov/forms,07 Jul 2026 (13:50 UTC)
https://thetaxcalc.com/south-carolina-tax-calculator,https://taxfoundation.org/,07 Jul 2026 (13:50 UTC)
https://thetaxcalc.com/south-carolina-tax-calculator,https://revenue.illinois.gov/,07 Jul 2026 (13:50 UTC)
https://thetaxcalc.com/tax-data,https://taxfoundation.org/,07 Jul 2026 (13:50 UTC)
https://thetaxcalc.com/tax-data,https://www.tax.ny.gov/,07 Jul 2026 (13:50 UTC)
https://thetaxcalc.com/tax-data,https://www.irs.gov/,07 Jul 2026 (13:50 UTC)
https://thetaxcalc.com/tax-data,https://floridarevenue.com/,07 Jul 2026 (13:50 UTC)
https://thetaxcalc.com/tax-data,https://revenue.illinois.gov/,07 Jul 2026 (13:50 UTC)
https://thetaxcalc.com/tax-data,https://www.ftb.ca.gov/forms,07 Jul 2026 (13:50 UTC)
https://thetaxcalc.com/tax-data,https://comptroller.texas.gov/,07 Jul 2026 (13:50 UTC)
https://thetaxcalc.com/tax-professionals,https://revenue.illinois.gov/,07 Jul 2026 (13:50 UTC)
https://thetaxcalc.com/tax-professionals,https://comptroller.texas.gov/,07 Jul 2026 (13:50 UTC)
https://thetaxcalc.com/tax-professionals,https://floridarevenue.com/,07 Jul 2026 (13:50 UTC)
https://thetaxcalc.com/tax-professionals,https://www.irs.gov/,07 Jul 2026 (13:50 UTC)
https://thetaxcalc.com/tax-professionals,https://www.tax.ny.gov/,07 Jul 2026 (13:50 UTC)
https://thetaxcalc.com/tax-professionals,https://taxfoundation.org/,07 Jul 2026 (13:50 UTC)
https://thetaxcalc.com/tax-professionals,https://www.ftb.ca.gov/forms,07 Jul 2026 (13:50 UTC)
https://thetaxcalc.com/vermont-tax-calculator,https://www.tax.ny.gov/,07 Jul 2026 (13:50 UTC)
https://thetaxcalc.com/vermont-tax-calculator,https://taxfoundation.org/,07 Jul 2026 (13:50 UTC)
https://thetaxcalc.com/vermont-tax-calculator,https://revenue.illinois.gov/,07 Jul 2026 (13:50 UTC)
https://thetaxcalc.com/vermont-tax-calculator,https://www.ftb.ca.gov/forms,07 Jul 2026 (13:50 UTC)
https://thetaxcalc.com/vermont-tax-calculator,https://comptroller.texas.gov/,07 Jul 2026 (13:50 UTC)
https://thetaxcalc.com/vermont-tax-calculator,https://floridarevenue.com/,07 Jul 2026 (13:50 UTC)
https://thetaxcalc.com/vermont-tax-calculator,https://www.irs.gov/,07 Jul 2026 (13:50 UTC)
https://thetaxcalc.com/virginia-tax-calculator,https://taxfoundation.org/,07 Jul 2026 (13:50 UTC)
https://thetaxcalc.com/virginia-tax-calculator,https://revenue.illinois.gov/,07 Jul 2026 (13:50 UTC)
https://thetaxcalc.com/virginia-tax-calculator,https://www.ftb.ca.gov/forms,07 Jul 2026 (13:50 UTC)
https://thetaxcalc.com/virginia-tax-calculator,https://www.tax.ny.gov/,07 Jul 2026 (13:50 UTC)
https://thetaxcalc.com/virginia-tax-calculator,https://www.irs.gov/,07 Jul 2026 (13:50 UTC)
https://thetaxcalc.com/virginia-tax-calculator,https://floridarevenue.com/,07 Jul 2026 (13:50 UTC)
https://thetaxcalc.com/virginia-tax-calculator,https://comptroller.texas.gov/,07 Jul 2026 (13:50 UTC)
https://thetaxcalc.com/washington-tax-calculator,https://floridarevenue.com/,07 Jul 2026 (13:50 UTC)
https://thetaxcalc.com/washington-tax-calculator,https://comptroller.texas.gov/,07 Jul 2026 (13:50 UTC)
https://thetaxcalc.com/washington-tax-calculator,https://www.irs.gov/,07 Jul 2026 (13:50 UTC)
https://thetaxcalc.com/washington-tax-calculator,https://www.ftb.ca.gov/forms,07 Jul 2026 (13:50 UTC)
https://thetaxcalc.com/washington-tax-calculator,https://revenue.illinois.gov/,07 Jul 2026 (13:50 UTC)
https://thetaxcalc.com/washington-tax-calculator,https://taxfoundation.org/,07 Jul 2026 (13:50 UTC)
https://thetaxcalc.com/washington-tax-calculator,https://dor.wa.gov/,07 Jul 2026 (13:50 UTC)
https://thetaxcalc.com/washington-tax-calculator,https://www.tax.ny.gov/,07 Jul 2026 (13:50 UTC)
https://thetaxcalc.com/west-virginia-tax-calculator,https://revenue.illinois.gov/,07 Jul 2026 (13:50 UTC)
https://thetaxcalc.com/west-virginia-tax-calculator,https://www.ftb.ca.gov/forms,07 Jul 2026 (13:50 UTC)
https://thetaxcalc.com/west-virginia-tax-calculator,https://comptroller.texas.gov/,07 Jul 2026 (13:50 UTC)
https://thetaxcalc.com/west-virginia-tax-calculator,https://floridarevenue.com/,07 Jul 2026 (13:50 UTC)
https://thetaxcalc.com/west-virginia-tax-calculator,https://www.irs.gov/,07 Jul 2026 (13:50 UTC)
https://thetaxcalc.com/west-virginia-tax-calculator,https://www.tax.ny.gov/,07 Jul 2026 (13:50 UTC)
https://thetaxcalc.com/west-virginia-tax-calculator,https://taxfoundation.org/,07 Jul 2026 (13:50 UTC)
https://thetaxcalc.com/wisconsin-tax-calculator,https://www.ftb.ca.gov/forms,07 Jul 2026 (13:50 UTC)
https://thetaxcalc.com/wisconsin-tax-calculator,https://revenue.illinois.gov/,07 Jul 2026 (13:50 UTC)
https://thetaxcalc.com/wisconsin-tax-calculator,https://taxfoundation.org/,07 Jul 2026 (13:50 UTC)
https://thetaxcalc.com/wisconsin-tax-calculator,https://www.tax.ny.gov/,07 Jul 2026 (13:50 UTC)
https://thetaxcalc.com/wisconsin-tax-calculator,https://www.irs.gov/,07 Jul 2026 (13:50 UTC)
https://thetaxcalc.com/wisconsin-tax-calculator,https://floridarevenue.com/,07 Jul 2026 (13:50 UTC)
https://thetaxcalc.com/wisconsin-tax-calculator,https://comptroller.texas.gov/,07 Jul 2026 (13:50 UTC)
https://thetaxcalc.com/wyoming-tax-calculator,https://www.ftb.ca.gov/forms,07 Jul 2026 (13:50 UTC)
https://thetaxcalc.com/wyoming-tax-calculator,https://revenue.illinois.gov/,07 Jul 2026 (13:50 UTC)
https://thetaxcalc.com/wyoming-tax-calculator,https://taxfoundation.org/,07 Jul 2026 (13:50 UTC)
https://thetaxcalc.com/wyoming-tax-calculator,https://www.tax.ny.gov/,07 Jul 2026 (13:50 UTC)
https://thetaxcalc.com/wyoming-tax-calculator,https://www.irs.gov/,07 Jul 2026 (13:50 UTC)
https://thetaxcalc.com/wyoming-tax-calculator,https://floridarevenue.com/,07 Jul 2026 (13:50 UTC)
https://thetaxcalc.com/wyoming-tax-calculator,https://comptroller.texas.gov/,07 Jul 2026 (13:50 UTC)
