Page URL,Discovered
https://thetaxcalc.com/compare/florida-vs-california,18 Jun 2026 (17:26 UTC)
https://thetaxcalc.com/compare/florida-vs-new-york,18 Jun 2026 (17:26 UTC)
https://thetaxcalc.com/compare/illinois-vs-california,18 Jun 2026 (17:26 UTC)
https://thetaxcalc.com/compare/illinois-vs-florida,18 Jun 2026 (17:26 UTC)
https://thetaxcalc.com/compare/illinois-vs-new-york,18 Jun 2026 (17:26 UTC)
https://thetaxcalc.com/compare/illinois-vs-texas,18 Jun 2026 (17:26 UTC)
https://thetaxcalc.com/compare/texas-vs-california,18 Jun 2026 (17:26 UTC)
https://thetaxcalc.com/compare/texas-vs-florida,18 Jun 2026 (17:26 UTC)
https://thetaxcalc.com/compare/texas-vs-new-york,18 Jun 2026 (17:26 UTC)
