Page URL,Page Title,ILR,Raw ILR,Unique Pageviews,Crawl Depth,HTTP Status Code,"Page (HTML) Load Time, sec",Schema.org (Microdata),Schema.org (JSON-LD),Open Graph,Twitter Cards,Microformats,Canonicalization,In sitemap,Incoming Internal Links,Outgoing Internal Links,Outgoing External Links,AMP link,Hreflang Links,Hreflang Issues,JS and CSS Number,"JS and CSS Size, KB",Issues,Description,Blocked AI search bots
https://thetaxcalc.com/salary/100000-after-taxes,"$100,000 After Taxes 2026 — Take-Home Pay by State",100,0.01691240721766275,n/a,1,200,0.163,0,1,1,1,0,Self-canonical,1,78,44,7,0,-,-,18,258,9,"$100,000 after taxes in 2026? in texas, you keep ~$79,180 (0% state tax). see take-home pay by state — tx, ca, ny, fl & more. free calculator.",
https://thetaxcalc.com/salary/50000-after-taxes,"$50,000 After Taxes 2026 — Take-Home Pay by State",100,0.01691240721766275,n/a,1,200,0.177,0,1,1,1,0,Self-canonical,1,78,44,7,0,-,-,18,258,9,"$50,000 after taxes in 2026? in texas, you keep ~$42,355 (0% state tax). see take-home pay by state — tx, ca, ny, fl & more. free calculator.",
https://thetaxcalc.com/salary/75000-after-taxes,"$75,000 After Taxes 2026 — Take-Home Pay by State",100,0.01691240721766275,n/a,1,200,0.191,0,1,1,1,0,Self-canonical,1,78,44,7,0,-,-,18,258,9,"$75,000 after taxes in 2026? in texas, you keep ~$61,593 (0% state tax). see take-home pay by state — tx, ca, ny, fl & more. free calculator.",
https://thetaxcalc.com/,2026 Tax Calculator — Paycheck & Take-Home Pay | 50 States,98,0.010272814669969123,n/a,0,200,0.04,0,1,1,1,0,Self-canonical,0,78,126,9,0,-,-,17,257,12,"free 2026 tax calculator. take-home pay after federal, fica & state tax. 64 tools & 50-state sales tax data. no sign-up.",
https://thetaxcalc.com/sales-tax-calculator,Sales Tax Calculator 2026 — All 50 States + Reverse Tax Tool,95,0.010260004016485372,n/a,1,200,0.04,0,1,1,1,0,Self-canonical,1,77,91,10,0,-,-,20,294,10,"free 2026 sales tax calculator for all 50 us states. combined state + local rates, reverse tax, car sales tax & irs deductions. no sign-up.",
https://thetaxcalc.com/blog,"Tax Blog — 2026 Guides, Tips & News | TheTaxCalc",93,0.010250450339814131,n/a,1,200,0.034,0,1,1,1,0,Self-canonical,1,77,78,7,0,-,-,19,260,11,"expert tax guides, state comparisons, and financial tips updated for 2026. clear explanations and free calculators to help you keep more of your money.",
https://thetaxcalc.com/salary,Salary After Tax 2026 — Take-Home Pay | TheTaxCalc,90,0.010238583793635327,n/a,1,200,0.067,0,1,1,1,0,Self-canonical,1,77,64,7,0,-,-,17,257,9,"see your take-home pay for every salary from $30k to $500k. compare after-tax income across illinois, texas, florida, california, and new york for 2026.",
https://thetaxcalc.com/california-tax-calculator,"California Tax Calculator 2026: Tax Amount in CA — $75K = $54,849",88,0.010236498350461707,n/a,1,200,0.061,0,1,1,1,0,Self-canonical,1,77,60,9,0,-,-,21,307,9,"ca charges up to 13.3% state tax. on $75k salary, you take home ~$54,849. calculate your exact california take-home pay after state, federal & fica tax. free 2026 calculator, no sign-up.",
https://thetaxcalc.com/florida-tax-calculator,"Florida Tax Calculator 2026: 0% Tax — $75K = $61,592 Take-Home",88,0.010236498350461707,n/a,1,200,0.163,0,1,1,1,0,Self-canonical,1,77,60,9,0,-,-,21,307,9,"florida has 0% state income tax. on $75k salary, you keep $61,592 after federal & fica. calculate your exact fl take-home pay. free 2026 calculator, no sign-up.",
https://thetaxcalc.com/georgia-tax-calculator,"Georgia Tax Calculator 2026 — 5.49% Flat | $75K = $60,083",88,0.010236498350461707,n/a,1,200,0.062,0,1,1,1,0,Self-canonical,1,77,60,9,0,-,-,21,307,9,"ga flat 5.49% income tax. on $75k salary you keep ~$60,083. calculate your exact georgia 2026 take-home pay after state, federal & fica. free, no sign-up.",
https://thetaxcalc.com/new-york-tax-calculator,"New York Tax Calculator 2026: NYC Tax — $75K = $55,413 Take-Home",88,0.010236498350461707,n/a,1,200,0.056,0,1,1,1,0,Self-canonical,1,77,60,9,0,-,-,21,307,9,"ny charges up to 10.9% + nyc tax. on $75k salary, you take home ~$55,413. calculate your exact ny take-home pay after state, federal & fica tax. free 2026 calculator, no sign-up.",
https://thetaxcalc.com/texas-tax-calculator,Texas Tax Calculator 2026: No Income Tax in Texas — $75K Take-Home,88,0.010236498350461707,n/a,1,200,0.033,0,1,1,1,0,Self-canonical,1,77,60,9,0,-,-,21,307,9,"texas has 0% state income tax. on $75k, keep $61,592. calculate your exact tx take-home pay. free 2026 calculator, no sign-up.",
https://thetaxcalc.com/virginia-tax-calculator,VA Tax Calculator 2026 | 2-5.75% Rate,88,0.010236498350461707,n/a,1,200,0.071,0,1,1,1,0,Self-canonical,1,77,60,9,0,-,-,21,307,9,"calculate 2026 virginia take-home after 2%-5.75% state tax, federal & fica. see real numbers instantly. no sign-up.",
https://thetaxcalc.com/methodology,Methodology & Data Sources — How TheTaxCalc Computes Your Taxes | TheTaxCalc,86,0.010230718993677605,n/a,1,200,0.139,0,1,1,1,0,Self-canonical,1,77,41,23,0,-,-,17,257,25,"learn how thetaxcalc computes federal, state, and fica taxes for 2026. every calculation is based on official irs publications, ssa data, and state revenue department sources.",
https://thetaxcalc.com/about,About TheTaxCalc — Free 2026 Tax Calculators & CPA-Reviewed | TheTaxCalc,83,0.010229453919645779,n/a,1,200,0.078,0,1,1,1,0,Self-canonical,1,77,51,12,0,-,-,18,258,13,"learn about thetaxcalc — our mission to provide free, accurate tax calculators. understand your take-home pay after federal, fica, and state taxes.",
https://thetaxcalc.com/glossary,Tax Glossary — 2026 Tax Terms Explained | TheTaxCalc,81,0.010222479880475508,n/a,1,200,0.115,0,1,1,1,0,Self-canonical,1,77,51,7,0,-,-,18,265,11,"tax glossary with 25+ terms explained for 2026. fica, standard deduction, marginal rate, agi, capital gains brackets, and more. free, accurate definitions.",
https://thetaxcalc.com/capital-gains-calculator,Free Capital Gains Tax Calculator 2026 | Short & Long-Term,79,0.010215979440264537,n/a,1,200,0.063,0,1,1,1,0,Self-canonical,1,77,44,10,0,-,-,21,307,10,free capital gains tax calculator 2026. short-term (up to 37%) & long-term (0%/15%/20% + niit). no sign-up.,
https://thetaxcalc.com/overtime-tax-calculator,Free Overtime Tax Calculator 2026 — After-Tax OT Pay,76,0.010215979440264535,n/a,1,200,0.127,0,1,1,1,0,Self-canonical,1,77,44,10,0,-,-,21,307,10,"free overtime tax calculator 2026. calculate after-tax overtime pay at 1.5x rate. federal, fica & state taxes included. no sign-up required.",
https://thetaxcalc.com/privacy,Privacy Policy — TheTaxCalc Tax Calculator Data Protection | TheTaxCalc,76,0.010215979440264535,n/a,1,200,0.033,0,1,1,1,0,Self-canonical,1,77,46,8,0,-,-,18,258,12,"thetaxcalc privacy policy — thetaxcalc tax calculator data protection — learn how we collect, use, and protect your personal information when using our free tax calculators.",
https://thetaxcalc.com/bonus-tax-calculator,Free Bonus Tax Calculator 2026 — 22% Flat vs Aggregate,74,0.010214202472879293,n/a,1,200,0.077,0,1,1,1,0,Self-canonical,1,77,44,9,0,-,-,21,307,9,"a $5k bonus nets only ~$3,400 after 22% federal + fica + state taxes. compare flat vs aggregate method & see your real after-tax bonus. free 2026 tool.",
https://thetaxcalc.com/employee-cost-calculator,Free Employee Cost Calculator 2026 — True Cost of Hiring,74,0.010214202472879293,n/a,1,200,0.679,0,1,1,1,0,Self-canonical,1,77,44,9,0,-,-,21,307,9,"free 2026 employee cost calculator. estimate total payroll cost including salary, employer fica, futa, suta, and benefits. for 1–49 employees. no signup.",
https://thetaxcalc.com/lottery-tax-calculator,Free Lottery Tax Calculator 2026 — Powerball & Mega Millions,74,0.010214202472879293,n/a,1,200,0.048,0,1,1,1,0,Self-canonical,1,77,44,9,0,-,-,21,307,9,how much tax on lottery winnings? a $1m jackpot nets ~$510k after 24% federal + state taxes. see your actual powerball & mega millions payout. free.,
https://thetaxcalc.com/mortgage-calculator,Mortgage Calculator 2026 | Amortization,74,0.010214202472879293,n/a,1,200,0.14,0,1,1,1,0,Self-canonical,1,77,43,10,0,-,-,18,260,10,"free mortgage calculator with extra payments, amortization & payoff comparison. no sign-up. calculate monthly payment and interest.",
https://thetaxcalc.com/property-tax-calculator,Free Property Tax Calculator 2026 — Cost by State & Home Value,74,0.010214202472879293,n/a,1,200,0.112,0,1,1,1,0,Self-canonical,1,77,44,9,0,-,-,21,307,9,"$500k home in az = ~$6,750/year property tax. same home in nj = ~$14,250. calculate your annual property tax by state & home value. free 2026 calculator, all 50 states.",
https://thetaxcalc.com/relocation-calculator,Free Relocation Tax Calculator 2026 — Compare Take-Home Pay,74,0.010214202472879293,n/a,1,200,0.058,0,1,1,1,0,Self-canonical,1,77,44,9,0,-,-,21,307,9,"free relocation calculator 2026. compare take-home pay in il, tx, fl, ca, ny. no sign-up. find equivalent salary by state.",
https://thetaxcalc.com/self-employment-tax-calculator,Free Self-Employment Tax Calculator 2026 — 1099 & SE Tax,74,0.010214202472879293,n/a,1,200,0.13,0,1,1,1,0,Self-canonical,1,77,43,10,0,-,-,21,307,10,"free 2026 self-employment tax calculator. 15.3% se tax on 92.35% of net income, half deduction, quarterly estimates. see real take-home pay.",
https://thetaxcalc.com/terms,Terms of Use — TheTaxCalc Free Tax Calculator Service | TheTaxCalc,74,0.010214202472879293,n/a,1,200,0.077,0,1,1,1,0,Self-canonical,1,77,46,7,0,-,-,18,258,11,"thetaxcalc terms of use — thetaxcalc free tax calculator service — understand the terms and conditions for using our free tax calculators, website, and financial tools.",
https://thetaxcalc.com/salary/150000-after-taxes,"$150,000 After Taxes 2026 — Take-Home Pay by State",71,0.010210441544017112,n/a,1,200,0.118,0,1,1,1,0,Self-canonical,1,77,44,7,0,-,-,18,258,9,"$150,000 after taxes in 2026? in texas, you keep ~$113,791 (0% state tax). see take-home pay by state — tx, ca, ny, fl & more. free calculator.",
https://thetaxcalc.com/tax-data,2026 Tax Data & Statistics — All 50 States,69,0.010206376749324446,n/a,1,200,0.07,0,1,1,1,0,Self-canonical,1,77,42,7,0,-,-,19,368,8,"free 2026 tax data for all 50 states. sales tax rates, federal brackets, fica & no-tax states. download csv, embed charts, cite freely.",
https://thetaxcalc.com/job-offer-comparison-calculator,Free Job Offer Comparison Calculator 2026 | Compare After-Tax Pay | TheTaxCalc,67,0.010204218656739383,n/a,1,200,0.053,0,1,1,1,0,Self-canonical,1,77,41,7,0,-,-,21,302,10,"compare two or more job offers after federal, state, and fica taxes. see which offer gives you more take-home pay based on salary, state, and benefits. free 2026 calculator.",
https://thetaxcalc.com/paycheck-difference-calculator,Free Paycheck Difference Calculator 2026 | Compare Take-Home Pay | TheTaxCalc,67,0.010204218656739383,n/a,1,200,0.146,0,1,1,1,0,Self-canonical,1,77,41,7,0,-,-,21,302,10,calculate the difference in take-home pay between two states or salaries. see how much more or less you earn after taxes by moving or changing jobs. free 2026 calculator.,
https://thetaxcalc.com/salary-comparison-calculator,Free Salary Comparison Calculator 2026 | Compare After-Tax Pay by State | TheTaxCalc,67,0.010204218656739383,n/a,1,200,0.031,0,1,1,1,0,Self-canonical,1,77,41,7,0,-,-,21,302,10,"compare salaries after federal, state, and fica taxes side by side. see which salary or job offer gives you more take-home pay. free 2026 calculator for all 50 states.",
https://thetaxcalc.com/blog/2026-federal-tax-brackets-explained,2026 Federal Tax Brackets Explained,64,0.007142034270796847,n/a,1,200,0.162,0,1,1,1,0,Self-canonical,1,33,51,9,0,-,-,19,259,14,"understand the 2026 federal income tax brackets, marginal vs effective rates, and standard deductions. complete guide with examples.",
https://thetaxcalc.com/washington-tax-calculator,Washington Tax Calculator 2026: No Income Tax in WA,62,0.006901465687134861,n/a,1,200,0.038,0,1,1,1,0,Self-canonical,1,25,60,10,0,-,-,21,307,10,free washington tax calculator 2026. take-home pay with 0% state tax. property & sales tax analysis. no sign-up.,
https://thetaxcalc.com/salary/100000,,-,0.0067578956926749485,n/a,1,301,0.362,0,0,0,0,0,-,0,31,1,0,0,-,-,0,0,0,-,
https://thetaxcalc.com/salary/50000,,-,0.0067578956926749485,n/a,1,301,0.051,0,0,0,0,0,-,0,31,1,0,0,-,-,0,0,0,-,
https://thetaxcalc.com/salary/75000,,-,0.0067578956926749485,n/a,1,301,0.057,0,0,0,0,0,-,0,31,1,0,0,-,-,0,0,0,-,
https://thetaxcalc.com/blog/florida-vs-texas-tax-comparison,Florida vs Texas Tax Comparison 2026,60,0.006495953003761318,n/a,1,200,0.064,0,1,1,1,0,Self-canonical,1,23,49,8,0,-,-,19,259,12,"compare florida and texas tax structures: income tax, property tax, sales tax, and overall burden. which no-income-tax state is better?",
https://thetaxcalc.com/salary/200000,,-,0.006423736706536346,n/a,1,301,0.049,0,0,0,0,0,-,0,27,1,0,0,-,-,0,0,0,-,
https://thetaxcalc.com/new-jersey-tax-calculator,NJ Tax Calculator 2026 | 1.4-10.75%,57,0.00621733661999229,n/a,1,200,0.158,0,1,1,1,0,Self-canonical,1,19,60,9,0,-,-,21,307,9,free new jersey tax calculator 2026. take-home pay after progressive tax (1.4%–10.75%). no sign-up.,
https://thetaxcalc.com/ohio-tax-calculator,OH Tax Calculator 2026 | 0-3.99%,57,0.00621733661999229,n/a,1,200,0.612,0,1,1,1,0,Self-canonical,1,19,60,9,0,-,-,21,307,9,"free ohio tax calculator 2026. take-home pay after progressive tax (0%–3.99%). first $26,050 tax-free. no sign-up.",
https://thetaxcalc.com/pennsylvania-tax-calculator,PA Tax Calculator 2026 | 3.07% Flat,57,0.00621733661999229,n/a,1,200,0.04,0,1,1,1,0,Self-canonical,1,19,60,9,0,-,-,21,307,9,free pennsylvania tax calculator 2026. take-home pay after 3.07% flat tax. no state deductions. no sign-up.,
https://thetaxcalc.com/blog/how-fica-taxes-work-2026,How FICA Taxes Work 2026 — Full Guide,55,0.0061549523450552795,n/a,1,200,0.067,0,1,1,1,0,Self-canonical,1,13,51,9,0,-,-,19,259,13,"complete guide to fica taxes in 2026. social security and medicare withholding, wage bases, and self-employment tax rules.",
https://thetaxcalc.com/oregon-tax-calculator,Oregon Tax Calculator 2026 | 4.75-9.9% Rate,52,0.006136957492247647,n/a,1,200,0.172,0,1,1,1,0,Self-canonical,1,18,61,9,0,-,-,21,307,9,free oregon tax calculator 2026. take-home pay after progressive tax (4.75%–9.9%). no sales tax. no sign-up.,
https://thetaxcalc.com/arizona-tax-calculator,Arizona Income Tax 2026: 2.5% Flat Rate — Free Calculator,50,0.006136325665609109,n/a,1,200,0.031,0,1,1,1,0,Self-canonical,1,18,60,9,0,-,-,21,307,9,"arizona charges just 2.5% flat income tax — one of the lowest rates in the us. on $75k that's ~$1,875. calculate your exact az take-home pay. free 2026 calculator, no sign-up.",
https://thetaxcalc.com/indiana-tax-calculator,Indiana Tax Calculator 2026 | 3.05% Flat Rate,50,0.006136325665609109,n/a,1,200,0.033,0,1,1,1,0,Self-canonical,1,18,60,9,0,-,-,21,307,9,free indiana tax calculator 2026. take-home pay after 3.05% flat tax. no sign-up.,
https://thetaxcalc.com/maryland-tax-calculator,Maryland Tax Calculator 2026 | 2-5.75% + County Tax,50,0.006136325665609109,n/a,1,200,0.062,0,1,1,1,0,Self-canonical,1,18,60,9,0,-,-,21,307,9,free maryland tax calculator 2026. take-home pay after progressive tax (2%–5.75%) plus county taxes. no sign-up.,
https://thetaxcalc.com/massachusetts-tax-calculator,Massachusetts Tax Calculator 2026 | 5% Flat & 9% Surtax,50,0.006136325665609109,n/a,1,200,0.489,0,1,1,1,0,Self-canonical,1,18,60,9,0,-,-,21,307,9,free massachusetts tax calculator 2026. take-home pay after 5% flat tax and 9% surtax over $1m. no sign-up.,
https://thetaxcalc.com/missouri-tax-calculator,Missouri Tax Calculator 2026 | 2-4.8% Rate,50,0.006136325665609109,n/a,1,200,0.033,0,1,1,1,0,Self-canonical,1,18,60,9,0,-,-,21,307,9,free missouri tax calculator 2026. take-home pay after progressive tax (2%–4.8%). no sign-up.,
https://thetaxcalc.com/north-carolina-tax-calculator,NC Tax Calculator 2026 | 4.5% Flat,50,0.006136325665609109,n/a,1,200,0.132,0,1,1,1,0,Self-canonical,1,18,60,9,0,-,-,21,307,9,"free north carolina tax calculator 2026. take-home pay after 4.5% flat tax and $12,750 standard deduction. no sign-up.",
https://thetaxcalc.com/wisconsin-tax-calculator,Wisconsin Tax Calculator 2026 | 3.54-7.65%,50,0.006136325665609109,n/a,1,200,0.07,0,1,1,1,0,Self-canonical,1,18,60,9,0,-,-,21,307,9,free wisconsin tax calculator 2026. take-home pay after progressive tax (3.54%–7.65%). no sign-up.,
https://thetaxcalc.com/blog/sales-tax-by-state-guide-2026,Sales Tax by State 2026: Complete Rate Guide,48,0.005628752925443475,n/a,1,200,0.177,0,1,1,1,0,Self-canonical,1,10,56,9,0,-,-,19,259,12,"complete guide to sales tax rates for all 50 us states in 2026. state rates, local rates, combined rates, and tax-exempt items. free calculator included.",
https://thetaxcalc.com/blog/why-texas-has-no-income-tax,Why Texas Has No Income Tax — Full Breakdown,45,0.005602037032436217,n/a,1,200,0.116,0,1,1,1,0,Self-canonical,1,7,51,9,0,-,-,19,259,13,"how texas funds government without personal income tax, higher property tax trade-offs, and the overall tax burden for residents.",
https://thetaxcalc.com/blog/no-tax-on-overtime-guide-2026,No Tax on Overtime 2025-2028: Complete Guide,43,0.005582417027804752,n/a,1,200,0.162,0,1,1,1,0,Self-canonical,1,9,51,9,0,-,-,19,259,12,"complete guide to the no tax on overtime law for 2025-2028. calculate your savings, understand eligibility, and see how fica and state taxes still apply.",
https://thetaxcalc.com/blog/tax-refund-questions-2026,Tax Refund Questions Answered (2026),40,0.005475887230489985,n/a,1,200,0.104,0,1,1,1,0,Self-canonical,1,7,51,9,0,-,-,19,259,14,"common tax refund questions answered for 2026. refund timeline, tracking, delays, garnishment, credits vs deductions, and faster refunds.",
https://thetaxcalc.com/blog/tax-questions-answered-2026,"Tax Questions Answered: Brackets, Overtime, Bonuses & More (2026)",38,0.00547512004796949,n/a,1,200,0.121,0,1,1,1,0,Self-canonical,1,7,51,8,0,-,-,19,259,13,"common tax questions answered for 2026. overtime, bonuses, brackets, florida vs other states, property tax deductions, and 1099 quarterly taxes.",
https://thetaxcalc.com/blog/social-security-tax-questions-2026,Social Security Tax Questions Answered (2026 Rules),36,0.005474239254570161,n/a,1,200,0.124,0,1,1,1,0,Self-canonical,1,7,52,9,0,-,-,19,259,14,"common social security tax questions answered for 2026. are benefits taxable, thresholds, state taxes, and strategies to minimize taxes. free calculators.",
https://thetaxcalc.com/blog/how-much-tax-will-i-owe-2026,How Much Tax Will I Owe in 2026? Calculator & Guide,33,0.005469443384587615,n/a,1,200,0.296,0,1,1,1,0,Self-canonical,1,7,51,9,0,-,-,19,259,13,"how much tax will i owe on $50k, $75k, $100k? free 2026 tax calculator with federal, fica, and state tax breakdown. no signup, no email required.",
https://thetaxcalc.com/blog/illinois-income-tax-guide-2026,Illinois Income Tax 2026 — 4.95% Guide,31,0.00544851077769416,n/a,1,200,0.035,0,1,1,1,0,Self-canonical,1,5,51,9,0,-,-,19,259,13,"complete guide to illinois income tax for 2026. flat rate, personal exemptions, property taxes, and neighboring state comparison.",
https://thetaxcalc.com/blog/inheritance-tax-questions-2026,Inheritance Tax Questions Answered (2026 Rules),29,0.005432820994968984,n/a,1,200,0.123,0,1,1,1,0,Self-canonical,1,6,52,9,0,-,-,19,259,14,"common inheritance tax questions answered for 2026. estate vs inheritance tax, state rules, exemptions, and calculations. free calculators.",
https://thetaxcalc.com/blog/hourly-wage-after-tax-questions-2026,Hourly Wage After Tax Questions Answered (2026),26,0.0053867357058273975,n/a,1,200,0.132,0,1,1,1,0,Self-canonical,1,5,52,9,0,-,-,19,259,13,"how much tax on $300 paycheck, $20/hour, $21/hour, $1200/week? exact after-tax numbers for 2026. free calculator, no signup. cpa-reviewed.",
https://thetaxcalc.com/blog/retirement-tax-planning-guide-2026,Retirement Tax Planning Guide 2026: Strategies & Tax Rates,24,0.005382825064430954,n/a,1,200,0.143,0,1,1,1,0,Self-canonical,1,5,54,10,0,-,-,19,259,14,"complete 2026 retirement tax planning guide. learn tax strategies for retirees, 401(k) withdrawal taxes, social security taxation, rmds, and roth conversions. free calculators.",
https://thetaxcalc.com/blog/401k-withdrawal-tax-guide-2026,"401(k) Withdrawal Tax Guide 2026: Rules, Penalties & Strategies",21,0.005382802170362232,n/a,1,200,0.067,0,1,1,1,0,Self-canonical,1,5,54,10,0,-,-,19,259,15,"complete 2026 401(k) withdrawal tax guide. early withdrawal penalties, rmd rules, tax implications, 72(t) exceptions, and strategies to minimize taxes on 401(k) withdrawals.",
https://thetaxcalc.com/blog/federal-tax-brackets-2026-guide,2026 Federal Tax Brackets: US Income Tax Rates & Slabs Guide,19,0.005381797297745562,n/a,1,200,0.127,0,1,1,1,0,Self-canonical,1,5,52,8,0,-,-,19,259,11,"complete guide to 2026 federal income tax brackets, standard deductions, tax credits, and inflation adjustments.",
https://thetaxcalc.com/blog/what-is-taxable-income-guide-2026,What Is Taxable Income? Complete Guide (2026),17,0.005344208260302808,n/a,1,200,0.135,0,1,1,1,0,Self-canonical,1,4,53,9,0,-,-,19,259,14,"what do you get taxed on? 20 types of taxable income, 20 types of tax-free income, 12 types of taxes, minimum salary to pay tax, and the 60% trap explained.",
https://thetaxcalc.com/blog/property-tax-by-state-guide-2026,Property Tax by State 2026 | 50 State Rates,14,0.005343551633928461,n/a,1,200,0.118,0,1,1,1,0,Self-canonical,1,4,51,9,0,-,-,19,259,12,complete guide to property tax rates for all 50 us states in 2026. see which states have the highest and lowest property taxes. free property tax calculator.,
https://thetaxcalc.com/blog/free-tax-calculator-no-signup-2026,"Free Tax Calculator 2026 — No Signup, No Email",12,0.005342203135573554,n/a,1,200,0.154,0,1,1,1,0,Self-canonical,1,4,51,9,0,-,-,19,259,13,"free 2026 tax calculator. no signup, no email, no paywall. calculate take-home pay, refund, se tax, capital gains, bonuses, and more. cpa-reviewed.",
https://thetaxcalc.com/blog/401k-withdrawal-tax-questions-2026,401(k) Withdrawal Tax Questions Answered (2026 Rules),10,0.005337630476031363,n/a,1,200,0.12,0,1,1,1,0,Self-canonical,1,4,53,10,0,-,-,19,259,15,"common 401(k) withdrawal tax questions answered for 2026. penalties, rule of 55, rmds, tax rates, and social security interaction. free calculators.",
https://thetaxcalc.com/blog/1099-tax-guide-self-employed-2026,1099 Taxes 2026: How Much Freelancers Pay,7,0.0052983595768500355,n/a,1,200,0.038,0,1,1,1,0,Self-canonical,1,3,51,9,0,-,-,19,259,13,"guide to 1099 taxes for self-employed workers in 2026. calculate your tax bill, find deductions, and learn quarterly payment deadlines.",
https://thetaxcalc.com/blog/how-bonuses-are-taxed-2026,Bonus Tax 2026 | 22% Flat vs Aggregate,5,0.0052534967448456486,n/a,1,200,0.475,0,1,1,1,0,Self-canonical,1,2,52,9,0,-,-,19,259,12,"complete guide to bonus taxation in 2026. understand the 22% flat rate vs aggregate method, fica on bonuses, and state taxes. free bonus tax calculator.",
https://thetaxcalc.com/blog/irs-withholding-w4-guide-2026,IRS Withholding & W-4 Guide 2026,5,0.0052534967448456486,n/a,1,200,0.064,0,1,1,1,0,Self-canonical,1,2,51,9,0,-,-,19,259,12,"complete guide to irs withholding and w-4 form for 2026. calculate your recommended withholding, optimize your paycheck, and avoid tax surprises.",
https://thetaxcalc.com/blog/lottery-tax-guide-2026,Lottery Tax 2026 | After-Tax Winnings,5,0.0052534967448456486,n/a,1,200,0.164,0,1,1,1,0,Self-canonical,1,2,52,9,0,-,-,19,259,12,"complete guide to lottery taxes in 2026. federal tax, state tax, lump sum vs annuity, and how much you actually keep. free lottery tax calculator.",
https://thetaxcalc.com/blog/washington-tax-guide-2026,"Washington State Tax Guide 2026: No Income Tax, High Sales Tax",5,0.0052534967448456486,n/a,1,200,0.108,0,1,1,1,0,Self-canonical,1,2,52,9,0,-,-,19,259,12,complete guide to washington state taxes in 2026. no income tax but sales tax up to 10.25%.,
https://thetaxcalc.com/compare/florida-vs-california,Florida vs California Taxes 2026: 0% vs 13.3% Income Tax,2,0.0051928857949741945,n/a,1,200,0.11,0,1,1,1,0,Self-canonical,1,1,43,7,0,-,-,18,258,9,"fl 0% income tax vs ca up to 13.3%. on $100k salary, florida saves ~$8,400/year. compare income, property & sales tax. free 2026 calculator.",
https://thetaxcalc.com/compare/florida-vs-new-york,Florida vs New York Taxes 2026: 0% vs 10.9% Income Tax,2,0.0051928857949741945,n/a,1,200,0.755,0,1,1,1,0,Self-canonical,1,1,43,7,0,-,-,18,258,9,"fl 0% income tax vs ny up to 10.9% + nyc 3.876%. on $100k, florida saves ~$6,800/year. full income, property & sales tax breakdown. free 2026 calculator.",
https://thetaxcalc.com/compare/illinois-vs-california,Illinois vs California Taxes 2026: Flat 4.95% vs 13.3%,2,0.0051928857949741945,n/a,1,200,0.115,0,1,1,1,0,Self-canonical,1,1,43,7,0,-,-,18,258,9,"il 4.95% flat vs ca up to 13.3%. on $100k, il saves ~$5,500/year. full income, property & sales tax breakdown. free 2026 calculator.",
https://thetaxcalc.com/compare/illinois-vs-florida,"Illinois vs Florida Taxes 2026: Save $4,000+/Year in FL",2,0.0051928857949741945,n/a,1,200,0.06,0,1,1,1,0,Self-canonical,1,1,43,7,0,-,-,18,258,9,"il 4.95% flat vs fl 0% income tax. on $85k, florida saves $4,000+/year. compare income, property & sales tax. free 2026 calculator.",
https://thetaxcalc.com/compare/illinois-vs-new-york,Illinois vs New York Taxes 2026: 4.95% Flat vs 10.9% Progressive,2,0.0051928857949741945,n/a,1,200,0.059,0,1,1,1,0,Self-canonical,1,1,43,7,0,-,-,18,258,9,"il 4.95% flat vs ny up to 10.9% + nyc tax. on $100k, il saves ~$3,800/year. full tax comparison. free 2026 calculator.",
https://thetaxcalc.com/compare/illinois-vs-texas,"Illinois vs Texas Taxes 2026: Save $4,200+/Year in TX",2,0.0051928857949741945,n/a,1,200,0.038,0,1,1,1,0,Self-canonical,1,1,43,7,0,-,-,18,258,9,"il 4.95% flat vs tx 0% income tax. on $85k, keep $4,200+ more in texas. full breakdown: income, property & sales tax. free 2026 calculator.",
https://thetaxcalc.com/compare/texas-vs-california,Texas vs California Taxes 2026: 0% vs 13.3% Income Tax,2,0.0051928857949741945,n/a,1,200,0.1,0,1,1,1,0,Self-canonical,1,1,43,7,0,-,-,18,258,9,"tx 0% income tax vs ca up to 13.3%. on $100k salary, texas saves you ~$8,400/year. see full breakdown including property & sales tax. free 2026 calculator.",
https://thetaxcalc.com/compare/texas-vs-florida,Texas vs Florida Taxes 2026: No-Income-Tax States Compared,2,0.0051928857949741945,n/a,1,200,0.028,0,1,1,1,0,Self-canonical,1,1,43,7,0,-,-,18,258,9,both have 0% income tax — but tx property tax is 1.71% vs fl 0.86%. see which state actually saves you more at $75k & $150k. free 2026 calculator.,
https://thetaxcalc.com/compare/texas-vs-new-york,Texas vs New York Taxes 2026: 0% vs 10.9% Income Tax,2,0.0051928857949741945,n/a,1,200,0.145,0,1,1,1,0,Self-canonical,1,1,43,7,0,-,-,18,258,9,"tx 0% income tax vs ny up to 10.9% + nyc 3.876%. on $100k, texas saves ~$6,800/year. full income, property & sales tax side-by-side. free 2026 calculator.",
https://thetaxcalc.com/salary/110000,,-,0.0051928857949741945,n/a,1,301,0.403,0,0,0,0,0,-,0,1,1,0,0,-,-,0,0,0,-,
https://thetaxcalc.com/salary/120000,,-,0.0051928857949741945,n/a,1,301,0.042,0,0,0,0,0,-,0,1,1,0,0,-,-,0,0,0,-,
https://thetaxcalc.com/salary/130000,,-,0.0051928857949741945,n/a,1,301,0.041,0,0,0,0,0,-,0,1,1,0,0,-,-,0,0,0,-,
https://thetaxcalc.com/salary/250000,,-,0.0051928857949741945,n/a,1,301,0.394,0,0,0,0,0,-,0,1,1,0,0,-,-,0,0,0,-,
https://thetaxcalc.com/salary/30000,,-,0.0051928857949741945,n/a,1,301,0.042,0,0,0,0,0,-,0,1,1,0,0,-,-,0,0,0,-,
https://thetaxcalc.com/salary/300000,,-,0.0051928857949741945,n/a,1,301,0.023,0,0,0,0,0,-,0,1,1,0,0,-,-,0,0,0,-,
https://thetaxcalc.com/salary/40000,,-,0.0051928857949741945,n/a,1,301,0.047,0,0,0,0,0,-,0,1,1,0,0,-,-,0,0,0,-,
https://thetaxcalc.com/salary/45000,,-,0.0051928857949741945,n/a,1,301,0.057,0,0,0,0,0,-,0,1,1,0,0,-,-,0,0,0,-,
https://thetaxcalc.com/salary/500000,,-,0.0051928857949741945,n/a,1,301,0.06,0,0,0,0,0,-,0,1,1,0,0,-,-,0,0,0,-,
https://thetaxcalc.com/salary/55000,,-,0.0051928857949741945,n/a,1,301,0.053,0,0,0,0,0,-,0,1,1,0,0,-,-,0,0,0,-,
https://thetaxcalc.com/salary/65000,,-,0.0051928857949741945,n/a,1,301,0.045,0,0,0,0,0,-,0,1,1,0,0,-,-,0,0,0,-,
https://thetaxcalc.com/salary/70000,,-,0.0051928857949741945,n/a,1,301,0.053,0,0,0,0,0,-,0,1,1,0,0,-,-,0,0,0,-,
https://thetaxcalc.com/salary/80000,,-,0.0051928857949741945,n/a,1,301,0.445,0,0,0,0,0,-,0,1,1,0,0,-,-,0,0,0,-,
https://thetaxcalc.com/salary/90000,,-,0.0051928857949741945,n/a,1,301,0.47,0,0,0,0,0,-,0,1,1,0,0,-,-,0,0,0,-,
https://www.thetaxcalc.com/,,-,0.0,n/a,0,301,0.013,0,0,0,0,0,-,0,0,1,0,0,-,-,0,0,1,-,
https://thetaxcalc.com/llms.txt,,-,-,n/a,0,200,0.501,0,0,0,0,0,-,0,0,-,-,0,-,-,-,-,0,-,
https://thetaxcalc.com/robots.txt,,-,-,n/a,0,200,0.077,0,0,0,0,0,-,0,0,-,-,0,-,-,-,-,0,-,n/a
https://thetaxcalc.com/sitemap.xml,,-,-,n/a,0,200,0.419,0,0,0,0,0,-,0,0,-,-,0,-,-,-,-,0,-,
