أهم طلبات البحث,النقرات,عدد الظهور,نسبة النقر إلى الظهور,موضع
compare illinois state tax credits,0,1,0%,24
adp tax calculator illinois,0,1,0%,35
louisiana vs. texas state taxes,0,1,0%,43
calculate ny state tax,0,1,0%,44
illinois state tax vs federal tax,0,1,0%,45
smartasset nyc paycheck calculator,0,1,0%,49
calculate ny tax,0,1,0%,51
new york income calculator,0,1,0%,52
calculate paycheck illinois,0,1,0%,53
nyc paycheck tax,0,1,0%,53
nyc tax calculator,0,1,0%,57
ny income tax calculator,0,1,0%,58
federal self employment tax calculator,0,1,0%,63
federal and state tax rate calculator,0,1,0%,65
self employment income tax calculator,0,1,0%,65
how much tax is taken out of paycheck in illinois,0,1,0%,66
tax self employed calculator,0,1,0%,67
tax calculator 2026,0,1,0%,68
calculator self employment tax,0,1,0%,70
tax calculator with self employment,0,1,0%,70
self employment tax return calculator,0,1,0%,72
calculate se tax,0,1,0%,75
self employed tax return calculator,0,1,0%,76
new york income tax calculator,0,1,0%,79
tax calculator,0,1,0%,82
self employment tax calculation,0,1,0%,87
illinois taxes compared to other states,0,1,0%,88
employment and self employment tax calculator,0,1,0%,90
calculator for self employment tax,0,1,0%,91
how to find the tax,0,1,0%,93
how much i will earn after tax,0,1,0%,95
taxes on self employment calculator,0,1,0%,95
self employed federal tax rate,0,1,0%,99